date,time,year,month,day,mins,hour,index,value,site.name,period,season
2023-07-01,15:00:00,2023,7,01,0,15,acoustic_diversity,0.462179,mf_beach,afternoon,Winter
2023-07-01,15:10:00,2023,7,01,10,15,acoustic_diversity,1.098464,mf_beach,afternoon,Winter
2023-07-01,15:20:00,2023,7,01,20,15,acoustic_diversity,0.538867,mf_beach,afternoon,Winter
2023-07-01,15:30:00,2023,7,01,30,15,acoustic_diversity,1.399449,mf_beach,afternoon,Winter
2023-07-01,15:40:00,2023,7,01,40,15,acoustic_diversity,1.582603,mf_beach,afternoon,Winter
2023-07-01,15:50:00,2023,7,01,50,15,acoustic_diversity,0.977556,mf_beach,afternoon,Winter
2023-07-01,16:00:00,2023,7,01,0,16,acoustic_diversity,1.130101,mf_beach,afternoon,Winter
2023-07-01,16:10:00,2023,7,01,10,16,acoustic_diversity,1.037873,mf_beach,afternoon,Winter
2023-07-01,16:20:00,2023,7,01,20,16,acoustic_diversity,0.902761,mf_beach,afternoon,Winter
2023-07-01,16:30:00,2023,7,01,30,16,acoustic_diversity,1.226241,mf_beach,afternoon,Winter
2023-07-01,16:40:00,2023,7,01,40,16,acoustic_diversity,1.577263,mf_beach,afternoon,Winter
2023-07-01,16:50:00,2023,7,01,50,16,acoustic_diversity,1.013952,mf_beach,afternoon,Winter
2023-07-01,17:00:00,2023,7,01,0,17,acoustic_diversity,1.728811,mf_beach,afternoon,Winter
2023-07-01,17:10:00,2023,7,01,10,17,acoustic_diversity,1.251638,mf_beach,afternoon,Winter
2023-07-01,17:20:00,2023,7,01,20,17,acoustic_diversity,1.328135,mf_beach,afternoon,Winter
2023-07-01,17:30:00,2023,7,01,30,17,acoustic_diversity,0.351588,mf_beach,afternoon,Winter
2023-07-01,17:40:00,2023,7,01,40,17,acoustic_diversity,0.694688,mf_beach,afternoon,Winter
2023-07-01,17:50:00,2023,7,01,50,17,acoustic_diversity,0.677281,mf_beach,afternoon,Winter
2023-07-01,18:00:00,2023,7,01,0,18,acoustic_diversity,0.685022,mf_beach,dusk,Winter
2023-07-01,18:10:00,2023,7,01,10,18,acoustic_diversity,0.558622,mf_beach,dusk,Winter
2023-07-01,18:20:00,2023,7,01,20,18,acoustic_diversity,0.459476,mf_beach,dusk,Winter
2023-07-01,18:30:00,2023,7,01,30,18,acoustic_diversity,0.633452,mf_beach,dusk,Winter
2023-07-01,18:40:00,2023,7,01,40,18,acoustic_diversity,1.143631,mf_beach,dusk,Winter
2023-07-01,18:50:00,2023,7,01,50,18,acoustic_diversity,2.062429,mf_beach,dusk,Winter
2023-07-01,19:00:00,2023,7,01,0,19,acoustic_diversity,0.538647,mf_beach,dusk,Winter
2023-07-01,19:10:00,2023,7,01,10,19,acoustic_diversity,1.991856,mf_beach,dusk,Winter
2023-07-01,19:20:00,2023,7,01,20,19,acoustic_diversity,0.685423,mf_beach,dusk,Winter
2023-07-01,19:30:00,2023,7,01,30,19,acoustic_diversity,2.008581,mf_beach,dusk,Winter
2023-07-01,19:40:00,2023,7,01,40,19,acoustic_diversity,0.635674,mf_beach,dusk,Winter
2023-07-01,19:50:00,2023,7,01,50,19,acoustic_diversity,0.71386,mf_beach,dusk,Winter
2023-07-01,20:00:00,2023,7,01,0,20,acoustic_diversity,0.693878,mf_beach,night,Winter
2023-07-01,20:10:00,2023,7,01,10,20,acoustic_diversity,0.640343,mf_beach,night,Winter
2023-07-01,20:20:00,2023,7,01,20,20,acoustic_diversity,1.876887,mf_beach,night,Winter
2023-07-01,20:30:00,2023,7,01,30,20,acoustic_diversity,0.529211,mf_beach,night,Winter
2023-07-01,20:40:00,2023,7,01,40,20,acoustic_diversity,0.142692,mf_beach,night,Winter
2023-07-01,20:50:00,2023,7,01,50,20,acoustic_diversity,1.120759,mf_beach,night,Winter
2023-07-01,21:00:00,2023,7,01,0,21,acoustic_diversity,0,mf_beach,night,Winter
2023-07-01,21:10:00,2023,7,01,10,21,acoustic_diversity,0.543426,mf_beach,night,Winter
2023-07-01,21:20:00,2023,7,01,20,21,acoustic_diversity,0.626904,mf_beach,night,Winter
2023-07-01,21:30:00,2023,7,01,30,21,acoustic_diversity,0.481542,mf_beach,night,Winter
2023-07-01,21:40:00,2023,7,01,40,21,acoustic_diversity,0.498206,mf_beach,night,Winter
2023-07-01,21:50:00,2023,7,01,50,21,acoustic_diversity,0.655323,mf_beach,night,Winter
2023-07-01,22:00:00,2023,7,01,0,22,acoustic_diversity,0.425552,mf_beach,night,Winter
2023-07-01,22:10:00,2023,7,01,10,22,acoustic_diversity,1.043174,mf_beach,night,Winter
2023-07-01,22:20:00,2023,7,01,20,22,acoustic_diversity,0.193546,mf_beach,night,Winter
2023-07-01,22:30:00,2023,7,01,30,22,acoustic_diversity,0.537647,mf_beach,night,Winter
2023-07-01,22:40:00,2023,7,01,40,22,acoustic_diversity,0.670085,mf_beach,night,Winter
2023-07-01,22:50:00,2023,7,01,50,22,acoustic_diversity,0.307344,mf_beach,night,Winter
2023-07-01,23:00:00,2023,7,01,0,23,acoustic_diversity,0.2404,mf_beach,night,Winter
2023-07-01,23:10:00,2023,7,01,10,23,acoustic_diversity,0.701767,mf_beach,night,Winter
2023-07-01,23:20:00,2023,7,01,20,23,acoustic_diversity,0.697611,mf_beach,night,Winter
2023-07-01,23:30:00,2023,7,01,30,23,acoustic_diversity,0.657447,mf_beach,night,Winter
2023-07-01,23:40:00,2023,7,01,40,23,acoustic_diversity,0.640597,mf_beach,night,Winter
2023-07-01,23:50:00,2023,7,01,50,23,acoustic_diversity,0.702991,mf_beach,night,Winter
2023-07-02,00:00:00,2023,7,02,0,0,acoustic_diversity,0.110573,mf_beach,pre-dawn,Winter
2023-07-02,00:10:00,2023,7,02,10,0,acoustic_diversity,0.148242,mf_beach,pre-dawn,Winter
2023-07-02,00:20:00,2023,7,02,20,0,acoustic_diversity,0.701302,mf_beach,pre-dawn,Winter
2023-07-02,00:30:00,2023,7,02,30,0,acoustic_diversity,0.690816,mf_beach,pre-dawn,Winter
2023-07-02,00:40:00,2023,7,02,40,0,acoustic_diversity,0.688348,mf_beach,pre-dawn,Winter
2023-07-02,00:50:00,2023,7,02,50,0,acoustic_diversity,1.161438,mf_beach,pre-dawn,Winter
2023-07-02,01:00:00,2023,7,02,0,1,acoustic_diversity,0.663201,mf_beach,pre-dawn,Winter
2023-07-02,01:10:00,2023,7,02,10,1,acoustic_diversity,0.69544,mf_beach,pre-dawn,Winter
2023-07-02,01:20:00,2023,7,02,20,1,acoustic_diversity,0.522557,mf_beach,pre-dawn,Winter
2023-07-02,01:30:00,2023,7,02,30,1,acoustic_diversity,0.696379,mf_beach,pre-dawn,Winter
2023-07-02,01:40:00,2023,7,02,40,1,acoustic_diversity,0.680479,mf_beach,pre-dawn,Winter
2023-07-02,01:50:00,2023,7,02,50,1,acoustic_diversity,0.575651,mf_beach,pre-dawn,Winter
2023-07-02,02:00:00,2023,7,02,0,2,acoustic_diversity,1.512489,mf_beach,pre-dawn,Winter
2023-07-02,02:10:00,2023,7,02,10,2,acoustic_diversity,0.66737899999999994,mf_beach,pre-dawn,Winter
2023-07-02,02:20:00,2023,7,02,20,2,acoustic_diversity,0.67837,mf_beach,pre-dawn,Winter
2023-07-02,02:30:00,2023,7,02,30,2,acoustic_diversity,0.458928,mf_beach,pre-dawn,Winter
2023-07-02,02:40:00,2023,7,02,40,2,acoustic_diversity,0.659175,mf_beach,pre-dawn,Winter
2023-07-02,02:50:00,2023,7,02,50,2,acoustic_diversity,0.545434,mf_beach,pre-dawn,Winter
2023-07-02,03:00:00,2023,7,02,0,3,acoustic_diversity,0.563755,mf_beach,pre-dawn,Winter
2023-07-02,03:10:00,2023,7,02,10,3,acoustic_diversity,0.542704,mf_beach,pre-dawn,Winter
2023-07-02,03:20:00,2023,7,02,20,3,acoustic_diversity,0.364017,mf_beach,pre-dawn,Winter
2023-07-02,03:30:00,2023,7,02,30,3,acoustic_diversity,0.195948,mf_beach,pre-dawn,Winter
2023-07-02,03:40:00,2023,7,02,40,3,acoustic_diversity,0.569617,mf_beach,pre-dawn,Winter
2023-07-02,03:50:00,2023,7,02,50,3,acoustic_diversity,0.362456,mf_beach,pre-dawn,Winter
2023-07-02,04:00:00,2023,7,02,0,4,acoustic_diversity,0.253516,mf_beach,pre-dawn,Winter
2023-07-02,04:10:00,2023,7,02,10,4,acoustic_diversity,1.131547,mf_beach,pre-dawn,Winter
2023-07-02,04:20:00,2023,7,02,20,4,acoustic_diversity,0.352272,mf_beach,pre-dawn,Winter
2023-07-02,04:30:00,2023,7,02,30,4,acoustic_diversity,0.511801,mf_beach,pre-dawn,Winter
2023-07-02,04:40:00,2023,7,02,40,4,acoustic_diversity,0.560204,mf_beach,pre-dawn,Winter
2023-07-02,04:50:00,2023,7,02,50,4,acoustic_diversity,0.71380999999999994,mf_beach,pre-dawn,Winter
2023-07-02,05:00:00,2023,7,02,0,5,acoustic_diversity,0.566487,mf_beach,dawn,Winter
2023-07-02,05:10:00,2023,7,02,10,5,acoustic_diversity,0.693945,mf_beach,dawn,Winter
2023-07-02,05:20:00,2023,7,02,20,5,acoustic_diversity,0.696211,mf_beach,dawn,Winter
2023-07-02,05:30:00,2023,7,02,30,5,acoustic_diversity,0.670406,mf_beach,dawn,Winter
2023-07-02,05:40:00,2023,7,02,40,5,acoustic_diversity,0.703508,mf_beach,dawn,Winter
2023-07-02,05:50:00,2023,7,02,50,5,acoustic_diversity,1.635854,mf_beach,dawn,Winter
2023-07-02,06:00:00,2023,7,02,0,6,acoustic_diversity,0.981455,mf_beach,dawn,Winter
2023-07-02,06:10:00,2023,7,02,10,6,acoustic_diversity,0.803837,mf_beach,dawn,Winter
2023-07-02,06:20:00,2023,7,02,20,6,acoustic_diversity,0.821633,mf_beach,dawn,Winter
2023-07-02,06:30:00,2023,7,02,30,6,acoustic_diversity,0.918174,mf_beach,dawn,Winter
2023-07-02,06:40:00,2023,7,02,40,6,acoustic_diversity,0.790578,mf_beach,dawn,Winter
2023-07-02,06:50:00,2023,7,02,50,6,acoustic_diversity,0.35797,mf_beach,dawn,Winter
2023-07-02,07:00:00,2023,7,02,0,7,acoustic_diversity,0.855422,mf_beach,dawn,Winter
2023-07-02,07:10:00,2023,7,02,10,7,acoustic_diversity,0.709059,mf_beach,dawn,Winter
2023-07-02,07:20:00,2023,7,02,20,7,acoustic_diversity,1.07985,mf_beach,dawn,Winter
2023-07-02,07:30:00,2023,7,02,30,7,acoustic_diversity,0.558589,mf_beach,dawn,Winter
2023-07-02,07:40:00,2023,7,02,40,7,acoustic_diversity,1.096264,mf_beach,dawn,Winter
2023-07-02,07:50:00,2023,7,02,50,7,acoustic_diversity,0.962271,mf_beach,dawn,Winter
2023-07-02,08:00:00,2023,7,02,0,8,acoustic_diversity,1.169663,mf_beach,morning,Winter
2023-07-02,08:10:00,2023,7,02,10,8,acoustic_diversity,0.672689,mf_beach,morning,Winter
2023-07-02,08:20:00,2023,7,02,20,8,acoustic_diversity,0.819109,mf_beach,morning,Winter
2023-07-02,08:30:00,2023,7,02,30,8,acoustic_diversity,1.015666,mf_beach,morning,Winter
2023-07-02,08:40:00,2023,7,02,40,8,acoustic_diversity,1.194725,mf_beach,morning,Winter
2023-07-02,08:50:00,2023,7,02,50,8,acoustic_diversity,1.120852,mf_beach,morning,Winter
2023-07-02,09:00:00,2023,7,02,0,9,acoustic_diversity,0.93101,mf_beach,morning,Winter
2023-07-02,09:10:00,2023,7,02,10,9,acoustic_diversity,1.402727,mf_beach,morning,Winter
2023-07-02,09:20:00,2023,7,02,20,9,acoustic_diversity,1.189269,mf_beach,morning,Winter
2023-07-02,09:30:00,2023,7,02,30,9,acoustic_diversity,1.145577,mf_beach,morning,Winter
2023-07-02,09:40:00,2023,7,02,40,9,acoustic_diversity,1.442975,mf_beach,morning,Winter
2023-07-02,09:50:00,2023,7,02,50,9,acoustic_diversity,1.527648,mf_beach,morning,Winter
2023-07-02,10:00:00,2023,7,02,0,10,acoustic_diversity,1.020476,mf_beach,morning,Winter
2023-07-02,10:10:00,2023,7,02,10,10,acoustic_diversity,1.365963,mf_beach,morning,Winter
2023-07-02,10:20:00,2023,7,02,20,10,acoustic_diversity,0.86282,mf_beach,morning,Winter
2023-07-02,10:30:00,2023,7,02,30,10,acoustic_diversity,0.85859,mf_beach,morning,Winter
2023-07-02,10:40:00,2023,7,02,40,10,acoustic_diversity,0.761709,mf_beach,morning,Winter
2023-07-02,10:50:00,2023,7,02,50,10,acoustic_diversity,1.394235,mf_beach,morning,Winter
2023-07-02,11:00:00,2023,7,02,0,11,acoustic_diversity,1.21996,mf_beach,morning,Winter
2023-07-02,11:10:00,2023,7,02,10,11,acoustic_diversity,1.074925,mf_beach,morning,Winter
2023-07-02,11:20:00,2023,7,02,20,11,acoustic_diversity,1.124532,mf_beach,morning,Winter
2023-07-02,11:30:00,2023,7,02,30,11,acoustic_diversity,1.009023,mf_beach,morning,Winter
2023-07-02,11:40:00,2023,7,02,40,11,acoustic_diversity,1.159431,mf_beach,morning,Winter
2023-07-02,11:50:00,2023,7,02,50,11,acoustic_diversity,1.542758,mf_beach,morning,Winter
2023-07-02,12:00:00,2023,7,02,0,12,acoustic_diversity,1.474317,mf_beach,midday,Winter
2023-07-02,12:10:00,2023,7,02,10,12,acoustic_diversity,1.119121,mf_beach,midday,Winter
2023-07-02,12:20:00,2023,7,02,20,12,acoustic_diversity,1.22942,mf_beach,midday,Winter
2023-07-02,12:30:00,2023,7,02,30,12,acoustic_diversity,1.578931,mf_beach,midday,Winter
2023-07-02,12:40:00,2023,7,02,40,12,acoustic_diversity,0.952206,mf_beach,midday,Winter
2023-07-02,12:50:00,2023,7,02,50,12,acoustic_diversity,1.503258,mf_beach,midday,Winter
2023-07-02,13:00:00,2023,7,02,0,13,acoustic_diversity,1.064067,mf_beach,midday,Winter
2023-07-02,13:10:00,2023,7,02,10,13,acoustic_diversity,1.35837,mf_beach,midday,Winter
2023-07-02,13:20:00,2023,7,02,20,13,acoustic_diversity,1.530321,mf_beach,midday,Winter
2023-07-02,13:30:00,2023,7,02,30,13,acoustic_diversity,1.343846,mf_beach,midday,Winter
2023-07-02,13:40:00,2023,7,02,40,13,acoustic_diversity,0.978168,mf_beach,midday,Winter
2023-07-02,13:50:00,2023,7,02,50,13,acoustic_diversity,1.156033,mf_beach,midday,Winter
2023-07-02,14:00:00,2023,7,02,0,14,acoustic_diversity,1.495205,mf_beach,afternoon,Winter
2023-07-02,14:10:00,2023,7,02,10,14,acoustic_diversity,1.100188,mf_beach,afternoon,Winter
2023-07-02,14:20:00,2023,7,02,20,14,acoustic_diversity,1.244644,mf_beach,afternoon,Winter
2023-07-02,14:30:00,2023,7,02,30,14,acoustic_diversity,1.664467,mf_beach,afternoon,Winter
2023-07-02,14:40:00,2023,7,02,40,14,acoustic_diversity,1.348932,mf_beach,afternoon,Winter
2023-07-02,14:50:00,2023,7,02,50,14,acoustic_diversity,0.474198,mf_beach,afternoon,Winter
2023-07-02,15:00:00,2023,7,02,0,15,acoustic_diversity,1.236344,mf_beach,afternoon,Winter
2023-07-02,15:10:00,2023,7,02,10,15,acoustic_diversity,1.665267,mf_beach,afternoon,Winter
2023-07-02,15:20:00,2023,7,02,20,15,acoustic_diversity,0.981632,mf_beach,afternoon,Winter
2023-07-02,15:30:00,2023,7,02,30,15,acoustic_diversity,0.963282,mf_beach,afternoon,Winter
2023-07-02,15:40:00,2023,7,02,40,15,acoustic_diversity,1.023687,mf_beach,afternoon,Winter
2023-07-02,15:50:00,2023,7,02,50,15,acoustic_diversity,0,mf_beach,afternoon,Winter
2023-07-02,16:00:00,2023,7,02,0,16,acoustic_diversity,1.070199,mf_beach,afternoon,Winter
2023-07-02,16:10:00,2023,7,02,10,16,acoustic_diversity,1.276957,mf_beach,afternoon,Winter
2023-07-02,16:20:00,2023,7,02,20,16,acoustic_diversity,0.890984,mf_beach,afternoon,Winter
2023-07-02,16:30:00,2023,7,02,30,16,acoustic_diversity,1.132108,mf_beach,afternoon,Winter
2023-07-02,16:40:00,2023,7,02,40,16,acoustic_diversity,1.1207,mf_beach,afternoon,Winter
2023-07-02,16:50:00,2023,7,02,50,16,acoustic_diversity,1.317738,mf_beach,afternoon,Winter
2023-07-02,17:00:00,2023,7,02,0,17,acoustic_diversity,1.770205,mf_beach,afternoon,Winter
2023-07-02,17:10:00,2023,7,02,10,17,acoustic_diversity,0.946853,mf_beach,afternoon,Winter
2023-07-02,17:20:00,2023,7,02,20,17,acoustic_diversity,0.896266,mf_beach,afternoon,Winter
2023-07-02,17:30:00,2023,7,02,30,17,acoustic_diversity,1.178592,mf_beach,afternoon,Winter
2023-07-02,17:40:00,2023,7,02,40,17,acoustic_diversity,0.693983,mf_beach,afternoon,Winter
2023-07-02,17:50:00,2023,7,02,50,17,acoustic_diversity,0.656299,mf_beach,afternoon,Winter
2023-07-02,18:00:00,2023,7,02,0,18,acoustic_diversity,0.661654,mf_beach,dusk,Winter
2023-07-02,18:10:00,2023,7,02,10,18,acoustic_diversity,0.504373,mf_beach,dusk,Winter
2023-07-02,18:20:00,2023,7,02,20,18,acoustic_diversity,0.594027,mf_beach,dusk,Winter
2023-07-02,18:30:00,2023,7,02,30,18,acoustic_diversity,0.020719,mf_beach,dusk,Winter
2023-07-02,18:40:00,2023,7,02,40,18,acoustic_diversity,0.043364,mf_beach,dusk,Winter
2023-07-02,18:50:00,2023,7,02,50,18,acoustic_diversity,0.229699,mf_beach,dusk,Winter
2023-07-02,19:00:00,2023,7,02,0,19,acoustic_diversity,0.07675,mf_beach,dusk,Winter
2023-07-02,19:10:00,2023,7,02,10,19,acoustic_diversity,0.097892,mf_beach,dusk,Winter
2023-07-02,19:20:00,2023,7,02,20,19,acoustic_diversity,0.50161,mf_beach,dusk,Winter
2023-07-02,19:30:00,2023,7,02,30,19,acoustic_diversity,0.566628,mf_beach,dusk,Winter
2023-07-02,19:40:00,2023,7,02,40,19,acoustic_diversity,0.29023,mf_beach,dusk,Winter
2023-07-02,19:50:00,2023,7,02,50,19,acoustic_diversity,0.716711,mf_beach,dusk,Winter
2023-07-02,20:00:00,2023,7,02,0,20,acoustic_diversity,2.165783,mf_beach,night,Winter
2023-07-02,20:10:00,2023,7,02,10,20,acoustic_diversity,0.682054,mf_beach,night,Winter
2023-07-02,20:20:00,2023,7,02,20,20,acoustic_diversity,1.164307,mf_beach,night,Winter
2023-07-02,20:30:00,2023,7,02,30,20,acoustic_diversity,0.695143,mf_beach,night,Winter
2023-07-02,20:40:00,2023,7,02,40,20,acoustic_diversity,0.635636,mf_beach,night,Winter
2023-07-02,20:50:00,2023,7,02,50,20,acoustic_diversity,0.404096,mf_beach,night,Winter
2023-07-02,21:00:00,2023,7,02,0,21,acoustic_diversity,0.664086,mf_beach,night,Winter
2023-07-02,21:10:00,2023,7,02,10,21,acoustic_diversity,1.791174,mf_beach,night,Winter
2023-07-02,21:20:00,2023,7,02,20,21,acoustic_diversity,0.680685,mf_beach,night,Winter
2023-07-02,21:30:00,2023,7,02,30,21,acoustic_diversity,0.709361,mf_beach,night,Winter
2023-07-02,21:40:00,2023,7,02,40,21,acoustic_diversity,0.690448,mf_beach,night,Winter
2023-07-02,21:50:00,2023,7,02,50,21,acoustic_diversity,0.197664,mf_beach,night,Winter
2023-07-02,22:00:00,2023,7,02,0,22,acoustic_diversity,0.080762,mf_beach,night,Winter
2023-07-02,22:10:00,2023,7,02,10,22,acoustic_diversity,0.008964,mf_beach,night,Winter
2023-07-02,22:20:00,2023,7,02,20,22,acoustic_diversity,1.901328,mf_beach,night,Winter
2023-07-02,22:30:00,2023,7,02,30,22,acoustic_diversity,0.670199,mf_beach,night,Winter
2023-07-02,22:40:00,2023,7,02,40,22,acoustic_diversity,0.690835,mf_beach,night,Winter
2023-07-02,22:50:00,2023,7,02,50,22,acoustic_diversity,0.693005,mf_beach,night,Winter
2023-07-02,23:00:00,2023,7,02,0,23,acoustic_diversity,0.741967,mf_beach,night,Winter
2023-07-02,23:10:00,2023,7,02,10,23,acoustic_diversity,0.68526,mf_beach,night,Winter
2023-07-02,23:20:00,2023,7,02,20,23,acoustic_diversity,0.692005,mf_beach,night,Winter
2023-07-02,23:30:00,2023,7,02,30,23,acoustic_diversity,0.676363,mf_beach,night,Winter
2023-07-02,23:40:00,2023,7,02,40,23,acoustic_diversity,0.436145,mf_beach,night,Winter
2023-07-02,23:50:00,2023,7,02,50,23,acoustic_diversity,0.678274,mf_beach,night,Winter
2023-07-03,00:00:00,2023,7,03,0,0,acoustic_diversity,1.861956,mf_beach,pre-dawn,Winter
2023-07-03,00:10:00,2023,7,03,10,0,acoustic_diversity,0.68495,mf_beach,pre-dawn,Winter
2023-07-03,00:20:00,2023,7,03,20,0,acoustic_diversity,1.159702,mf_beach,pre-dawn,Winter
2023-07-03,00:30:00,2023,7,03,30,0,acoustic_diversity,0.558325,mf_beach,pre-dawn,Winter
2023-07-03,00:40:00,2023,7,03,40,0,acoustic_diversity,0.261882,mf_beach,pre-dawn,Winter
2023-07-03,00:50:00,2023,7,03,50,0,acoustic_diversity,0.455423,mf_beach,pre-dawn,Winter
2023-07-03,01:00:00,2023,7,03,0,1,acoustic_diversity,0.688865,mf_beach,pre-dawn,Winter
2023-07-03,01:10:00,2023,7,03,10,1,acoustic_diversity,0.665231,mf_beach,pre-dawn,Winter
2023-07-03,01:20:00,2023,7,03,20,1,acoustic_diversity,2.121798,mf_beach,pre-dawn,Winter
2023-07-03,01:30:00,2023,7,03,30,1,acoustic_diversity,0.569437,mf_beach,pre-dawn,Winter
2023-07-03,01:40:00,2023,7,03,40,1,acoustic_diversity,1.573432,mf_beach,pre-dawn,Winter
2023-07-03,01:50:00,2023,7,03,50,1,acoustic_diversity,0.674138,mf_beach,pre-dawn,Winter
2023-07-03,02:00:00,2023,7,03,0,2,acoustic_diversity,0.693264,mf_beach,pre-dawn,Winter
2023-07-03,02:10:00,2023,7,03,10,2,acoustic_diversity,1.818782,mf_beach,pre-dawn,Winter
2023-07-03,02:20:00,2023,7,03,20,2,acoustic_diversity,0.084922,mf_beach,pre-dawn,Winter
2023-07-03,02:30:00,2023,7,03,30,2,acoustic_diversity,0.650954,mf_beach,pre-dawn,Winter
2023-07-03,02:40:00,2023,7,03,40,2,acoustic_diversity,0.373158,mf_beach,pre-dawn,Winter
2023-07-03,02:50:00,2023,7,03,50,2,acoustic_diversity,0.664838,mf_beach,pre-dawn,Winter
2023-07-03,03:00:00,2023,7,03,0,3,acoustic_diversity,1.018449,mf_beach,pre-dawn,Winter
2023-07-03,03:10:00,2023,7,03,10,3,acoustic_diversity,0.646524,mf_beach,pre-dawn,Winter
2023-07-03,03:20:00,2023,7,03,20,3,acoustic_diversity,0.742788,mf_beach,pre-dawn,Winter
2023-07-03,03:30:00,2023,7,03,30,3,acoustic_diversity,2.020837,mf_beach,pre-dawn,Winter
2023-07-03,03:40:00,2023,7,03,40,3,acoustic_diversity,0.693535,mf_beach,pre-dawn,Winter
2023-07-03,03:50:00,2023,7,03,50,3,acoustic_diversity,0.663521,mf_beach,pre-dawn,Winter
2023-07-03,04:00:00,2023,7,03,0,4,acoustic_diversity,0.74376,mf_beach,pre-dawn,Winter
2023-07-03,04:10:00,2023,7,03,10,4,acoustic_diversity,2.110775,mf_beach,pre-dawn,Winter
2023-07-03,04:20:00,2023,7,03,20,4,acoustic_diversity,1.232269,mf_beach,pre-dawn,Winter
2023-07-03,04:30:00,2023,7,03,30,4,acoustic_diversity,1.591627,mf_beach,pre-dawn,Winter
2023-07-03,04:40:00,2023,7,03,40,4,acoustic_diversity,2.149379,mf_beach,pre-dawn,Winter
2023-07-03,04:50:00,2023,7,03,50,4,acoustic_diversity,0.917779,mf_beach,pre-dawn,Winter
2023-07-03,05:00:00,2023,7,03,0,5,acoustic_diversity,0.043466,mf_beach,dawn,Winter
2023-07-03,05:10:00,2023,7,03,10,5,acoustic_diversity,1.893954,mf_beach,dawn,Winter
2023-07-03,05:20:00,2023,7,03,20,5,acoustic_diversity,0.695765,mf_beach,dawn,Winter
2023-07-03,05:30:00,2023,7,03,30,5,acoustic_diversity,0.029057,mf_beach,dawn,Winter
2023-07-03,05:40:00,2023,7,03,40,5,acoustic_diversity,1.768356,mf_beach,dawn,Winter
2023-07-03,05:50:00,2023,7,03,50,5,acoustic_diversity,0.942757,mf_beach,dawn,Winter
2023-07-03,06:00:00,2023,7,03,0,6,acoustic_diversity,1.317336,mf_beach,dawn,Winter
2023-07-03,06:10:00,2023,7,03,10,6,acoustic_diversity,0.969441,mf_beach,dawn,Winter
2023-07-03,06:20:00,2023,7,03,20,6,acoustic_diversity,2.05957,mf_beach,dawn,Winter
2023-07-03,06:30:00,2023,7,03,30,6,acoustic_diversity,1.944531,mf_beach,dawn,Winter
2023-07-03,06:40:00,2023,7,03,40,6,acoustic_diversity,1.180799,mf_beach,dawn,Winter
2023-07-03,06:50:00,2023,7,03,50,6,acoustic_diversity,0.153749,mf_beach,dawn,Winter
2023-07-03,07:00:00,2023,7,03,0,7,acoustic_diversity,1.075936,mf_beach,dawn,Winter
2023-07-03,07:10:00,2023,7,03,10,7,acoustic_diversity,0.842766,mf_beach,dawn,Winter
2023-07-03,07:20:00,2023,7,03,20,7,acoustic_diversity,1.266104,mf_beach,dawn,Winter
2023-07-03,07:30:00,2023,7,03,30,7,acoustic_diversity,0.618776,mf_beach,dawn,Winter
2023-07-03,07:40:00,2023,7,03,40,7,acoustic_diversity,0.34902,mf_beach,dawn,Winter
2023-07-03,07:50:00,2023,7,03,50,7,acoustic_diversity,1.050351,mf_beach,dawn,Winter
2023-07-03,08:00:00,2023,7,03,0,8,acoustic_diversity,0.697708,mf_beach,morning,Winter
2023-07-03,08:10:00,2023,7,03,10,8,acoustic_diversity,0.291494,mf_beach,morning,Winter
2023-07-03,08:20:00,2023,7,03,20,8,acoustic_diversity,1.407306,mf_beach,morning,Winter
2023-07-03,08:30:00,2023,7,03,30,8,acoustic_diversity,1.330319,mf_beach,morning,Winter
2023-07-03,08:40:00,2023,7,03,40,8,acoustic_diversity,1.385165,mf_beach,morning,Winter
2023-07-03,08:50:00,2023,7,03,50,8,acoustic_diversity,0.702584,mf_beach,morning,Winter
2023-07-03,09:00:00,2023,7,03,0,9,acoustic_diversity,1.582966,mf_beach,morning,Winter
2023-07-03,09:10:00,2023,7,03,10,9,acoustic_diversity,1.456442,mf_beach,morning,Winter
2023-07-03,09:20:00,2023,7,03,20,9,acoustic_diversity,1.19898,mf_beach,morning,Winter
2023-07-03,09:30:00,2023,7,03,30,9,acoustic_diversity,0.742368,mf_beach,morning,Winter
2023-07-03,09:40:00,2023,7,03,40,9,acoustic_diversity,0.88812,mf_beach,morning,Winter
2023-07-03,09:50:00,2023,7,03,50,9,acoustic_diversity,0.829137,mf_beach,morning,Winter
2023-07-03,10:00:00,2023,7,03,0,10,acoustic_diversity,0.936308,mf_beach,morning,Winter
2023-07-03,10:10:00,2023,7,03,10,10,acoustic_diversity,1.092727,mf_beach,morning,Winter
2023-07-03,10:20:00,2023,7,03,20,10,acoustic_diversity,0.691473,mf_beach,morning,Winter
2023-07-03,10:30:00,2023,7,03,30,10,acoustic_diversity,1.422701,mf_beach,morning,Winter
2023-07-03,10:40:00,2023,7,03,40,10,acoustic_diversity,1.090496,mf_beach,morning,Winter
2023-07-03,10:50:00,2023,7,03,50,10,acoustic_diversity,1.040973,mf_beach,morning,Winter
2023-07-03,11:00:00,2023,7,03,0,11,acoustic_diversity,1.276874,mf_beach,morning,Winter
2023-07-03,11:10:00,2023,7,03,10,11,acoustic_diversity,0.841437,mf_beach,morning,Winter
2023-07-03,11:20:00,2023,7,03,20,11,acoustic_diversity,1.566229,mf_beach,morning,Winter
2023-07-03,11:30:00,2023,7,03,30,11,acoustic_diversity,1.037586,mf_beach,morning,Winter
2023-07-03,11:40:00,2023,7,03,40,11,acoustic_diversity,1.04098,mf_beach,morning,Winter
2023-07-03,11:50:00,2023,7,03,50,11,acoustic_diversity,1.739715,mf_beach,morning,Winter
2023-07-03,12:00:00,2023,7,03,0,12,acoustic_diversity,1.45026,mf_beach,midday,Winter
2023-07-03,12:10:00,2023,7,03,10,12,acoustic_diversity,0.786547,mf_beach,midday,Winter
2023-07-03,12:20:00,2023,7,03,20,12,acoustic_diversity,1.00743,mf_beach,midday,Winter
2023-07-03,12:30:00,2023,7,03,30,12,acoustic_diversity,0.845134,mf_beach,midday,Winter
2023-07-03,12:40:00,2023,7,03,40,12,acoustic_diversity,1.37337,mf_beach,midday,Winter
2023-07-03,12:50:00,2023,7,03,50,12,acoustic_diversity,1.303988,mf_beach,midday,Winter
2023-07-03,13:00:00,2023,7,03,0,13,acoustic_diversity,1.216198,mf_beach,midday,Winter
2023-07-03,13:10:00,2023,7,03,10,13,acoustic_diversity,1.125525,mf_beach,midday,Winter
2023-07-03,13:20:00,2023,7,03,20,13,acoustic_diversity,1.057975,mf_beach,midday,Winter
2023-07-03,13:30:00,2023,7,03,30,13,acoustic_diversity,1.253203,mf_beach,midday,Winter
2023-07-03,13:40:00,2023,7,03,40,13,acoustic_diversity,1.175948,mf_beach,midday,Winter
2023-07-03,13:50:00,2023,7,03,50,13,acoustic_diversity,1.293467,mf_beach,midday,Winter
2023-07-03,14:00:00,2023,7,03,0,14,acoustic_diversity,1.357608,mf_beach,afternoon,Winter
2023-07-03,14:10:00,2023,7,03,10,14,acoustic_diversity,1.319359,mf_beach,afternoon,Winter
2023-07-03,14:20:00,2023,7,03,20,14,acoustic_diversity,0.952532,mf_beach,afternoon,Winter
2023-07-03,14:30:00,2023,7,03,30,14,acoustic_diversity,0.8748,mf_beach,afternoon,Winter
2023-07-03,14:40:00,2023,7,03,40,14,acoustic_diversity,1.363508,mf_beach,afternoon,Winter
2023-07-03,14:50:00,2023,7,03,50,14,acoustic_diversity,1.056996,mf_beach,afternoon,Winter
2023-07-03,15:00:00,2023,7,03,0,15,acoustic_diversity,0.834077,mf_beach,afternoon,Winter
2023-07-03,15:10:00,2023,7,03,10,15,acoustic_diversity,1.258158,mf_beach,afternoon,Winter
2023-07-03,15:20:00,2023,7,03,20,15,acoustic_diversity,1.148872,mf_beach,afternoon,Winter
2023-07-03,15:30:00,2023,7,03,30,15,acoustic_diversity,0.891339,mf_beach,afternoon,Winter
2023-07-03,15:40:00,2023,7,03,40,15,acoustic_diversity,1.357464,mf_beach,afternoon,Winter
2023-07-03,15:50:00,2023,7,03,50,15,acoustic_diversity,1.547642,mf_beach,afternoon,Winter
2023-07-03,16:00:00,2023,7,03,0,16,acoustic_diversity,0.777085,mf_beach,afternoon,Winter
2023-07-03,16:10:00,2023,7,03,10,16,acoustic_diversity,0.80617,mf_beach,afternoon,Winter
2023-07-03,16:20:00,2023,7,03,20,16,acoustic_diversity,1.6363,mf_beach,afternoon,Winter
2023-07-03,16:30:00,2023,7,03,30,16,acoustic_diversity,0.885675,mf_beach,afternoon,Winter
2023-07-03,16:40:00,2023,7,03,40,16,acoustic_diversity,1.273522,mf_beach,afternoon,Winter
2023-07-03,16:50:00,2023,7,03,50,16,acoustic_diversity,1.330451,mf_beach,afternoon,Winter
2023-07-03,17:00:00,2023,7,03,0,17,acoustic_diversity,1.361257,mf_beach,afternoon,Winter
2023-07-03,17:10:00,2023,7,03,10,17,acoustic_diversity,1.641466,mf_beach,afternoon,Winter
2023-07-03,17:20:00,2023,7,03,20,17,acoustic_diversity,0.593442,mf_beach,afternoon,Winter
2023-07-03,17:30:00,2023,7,03,30,17,acoustic_diversity,1.344097,mf_beach,afternoon,Winter
2023-07-03,17:40:00,2023,7,03,40,17,acoustic_diversity,0.933581,mf_beach,afternoon,Winter
2023-07-03,17:50:00,2023,7,03,50,17,acoustic_diversity,0.525082,mf_beach,afternoon,Winter
2023-07-03,18:00:00,2023,7,03,0,18,acoustic_diversity,0.722131,mf_beach,dusk,Winter
2023-07-03,18:10:00,2023,7,03,10,18,acoustic_diversity,0.692874,mf_beach,dusk,Winter
2023-07-03,18:20:00,2023,7,03,20,18,acoustic_diversity,0.324129,mf_beach,dusk,Winter
2023-07-03,18:30:00,2023,7,03,30,18,acoustic_diversity,0.358873,mf_beach,dusk,Winter
2023-07-03,18:40:00,2023,7,03,40,18,acoustic_diversity,0.507451,mf_beach,dusk,Winter
2023-07-03,18:50:00,2023,7,03,50,18,acoustic_diversity,0.445006,mf_beach,dusk,Winter
2023-07-03,19:00:00,2023,7,03,0,19,acoustic_diversity,0.118497,mf_beach,dusk,Winter
2023-07-03,19:10:00,2023,7,03,10,19,acoustic_diversity,0.181777,mf_beach,dusk,Winter
2023-07-03,19:20:00,2023,7,03,20,19,acoustic_diversity,0.300855,mf_beach,dusk,Winter
2023-07-03,19:30:00,2023,7,03,30,19,acoustic_diversity,0.399246,mf_beach,dusk,Winter
2023-07-03,19:40:00,2023,7,03,40,19,acoustic_diversity,0.302189,mf_beach,dusk,Winter
2023-07-03,19:50:00,2023,7,03,50,19,acoustic_diversity,0.343496,mf_beach,dusk,Winter
2023-07-03,20:00:00,2023,7,03,0,20,acoustic_diversity,0.63976,mf_beach,night,Winter
2023-07-03,20:10:00,2023,7,03,10,20,acoustic_diversity,0.413341,mf_beach,night,Winter
2023-07-03,20:20:00,2023,7,03,20,20,acoustic_diversity,0.097332,mf_beach,night,Winter
2023-07-03,20:30:00,2023,7,03,30,20,acoustic_diversity,0.586944,mf_beach,night,Winter
2023-07-03,20:40:00,2023,7,03,40,20,acoustic_diversity,0.329012,mf_beach,night,Winter
2023-07-03,20:50:00,2023,7,03,50,20,acoustic_diversity,0.376241,mf_beach,night,Winter
2023-07-03,21:00:00,2023,7,03,0,21,acoustic_diversity,0.548311,mf_beach,night,Winter
2023-07-03,21:10:00,2023,7,03,10,21,acoustic_diversity,0.554534,mf_beach,night,Winter
2023-07-03,21:20:00,2023,7,03,20,21,acoustic_diversity,0.536707,mf_beach,night,Winter
2023-07-03,21:30:00,2023,7,03,30,21,acoustic_diversity,0.568633,mf_beach,night,Winter
2023-07-03,21:40:00,2023,7,03,40,21,acoustic_diversity,0.390957,mf_beach,night,Winter
2023-07-03,21:50:00,2023,7,03,50,21,acoustic_diversity,0.084194,mf_beach,night,Winter
2023-07-03,22:00:00,2023,7,03,0,22,acoustic_diversity,0.495128,mf_beach,night,Winter
2023-07-03,22:10:00,2023,7,03,10,22,acoustic_diversity,0.388758,mf_beach,night,Winter
2023-07-03,22:20:00,2023,7,03,20,22,acoustic_diversity,0.52424,mf_beach,night,Winter
2023-07-03,22:30:00,2023,7,03,30,22,acoustic_diversity,0.677051,mf_beach,night,Winter
2023-07-03,22:40:00,2023,7,03,40,22,acoustic_diversity,0.363423,mf_beach,night,Winter
2023-07-03,22:50:00,2023,7,03,50,22,acoustic_diversity,0.64537,mf_beach,night,Winter
2023-07-03,23:00:00,2023,7,03,0,23,acoustic_diversity,0.491305,mf_beach,night,Winter
2023-07-03,23:10:00,2023,7,03,10,23,acoustic_diversity,0.978059,mf_beach,night,Winter
2023-07-03,23:20:00,2023,7,03,20,23,acoustic_diversity,0.306982,mf_beach,night,Winter
2023-07-03,23:30:00,2023,7,03,30,23,acoustic_diversity,0.196463,mf_beach,night,Winter
2023-07-03,23:40:00,2023,7,03,40,23,acoustic_diversity,0.172288,mf_beach,night,Winter
2023-07-03,23:50:00,2023,7,03,50,23,acoustic_diversity,0.526026,mf_beach,night,Winter
2023-07-04,00:00:00,2023,7,04,0,0,acoustic_diversity,0.942832,mf_beach,pre-dawn,Winter
2023-07-04,00:10:00,2023,7,04,10,0,acoustic_diversity,0.466886,mf_beach,pre-dawn,Winter
2023-07-04,00:20:00,2023,7,04,20,0,acoustic_diversity,0.560401,mf_beach,pre-dawn,Winter
2023-07-04,00:30:00,2023,7,04,30,0,acoustic_diversity,0.523867,mf_beach,pre-dawn,Winter
2023-07-04,00:40:00,2023,7,04,40,0,acoustic_diversity,0.527901,mf_beach,pre-dawn,Winter
2023-07-04,00:50:00,2023,7,04,50,0,acoustic_diversity,0.566139,mf_beach,pre-dawn,Winter
2023-07-04,01:00:00,2023,7,04,0,1,acoustic_diversity,0.199421,mf_beach,pre-dawn,Winter
2023-07-04,01:10:00,2023,7,04,10,1,acoustic_diversity,0.631312,mf_beach,pre-dawn,Winter
2023-07-04,01:20:00,2023,7,04,20,1,acoustic_diversity,1.093806,mf_beach,pre-dawn,Winter
2023-07-04,01:30:00,2023,7,04,30,1,acoustic_diversity,0.589999,mf_beach,pre-dawn,Winter
2023-07-04,01:40:00,2023,7,04,40,1,acoustic_diversity,0.987594,mf_beach,pre-dawn,Winter
2023-07-04,01:50:00,2023,7,04,50,1,acoustic_diversity,0.071041000000000007,mf_beach,pre-dawn,Winter
2023-07-04,02:00:00,2023,7,04,0,2,acoustic_diversity,0.812726,mf_beach,pre-dawn,Winter
2023-07-04,02:10:00,2023,7,04,10,2,acoustic_diversity,0.496383,mf_beach,pre-dawn,Winter
2023-07-04,02:20:00,2023,7,04,20,2,acoustic_diversity,1.230133,mf_beach,pre-dawn,Winter
2023-07-04,02:30:00,2023,7,04,30,2,acoustic_diversity,0.051931,mf_beach,pre-dawn,Winter
2023-07-04,02:40:00,2023,7,04,40,2,acoustic_diversity,1.986428,mf_beach,pre-dawn,Winter
2023-07-04,02:50:00,2023,7,04,50,2,acoustic_diversity,0.323149,mf_beach,pre-dawn,Winter
2023-07-04,03:00:00,2023,7,04,0,3,acoustic_diversity,0.990806,mf_beach,pre-dawn,Winter
2023-07-04,03:10:00,2023,7,04,10,3,acoustic_diversity,0.572463,mf_beach,pre-dawn,Winter
2023-07-04,03:20:00,2023,7,04,20,3,acoustic_diversity,1.070127,mf_beach,pre-dawn,Winter
2023-07-04,03:30:00,2023,7,04,30,3,acoustic_diversity,1.66144,mf_beach,pre-dawn,Winter
2023-07-04,03:40:00,2023,7,04,40,3,acoustic_diversity,0.69089,mf_beach,pre-dawn,Winter
2023-07-04,03:50:00,2023,7,04,50,3,acoustic_diversity,0.989238,mf_beach,pre-dawn,Winter
2023-07-04,04:00:00,2023,7,04,0,4,acoustic_diversity,0.36776,mf_beach,pre-dawn,Winter
2023-07-04,04:10:00,2023,7,04,10,4,acoustic_diversity,1.745441,mf_beach,pre-dawn,Winter
2023-07-04,04:20:00,2023,7,04,20,4,acoustic_diversity,0.789363,mf_beach,pre-dawn,Winter
2023-07-04,04:30:00,2023,7,04,30,4,acoustic_diversity,1.525154,mf_beach,pre-dawn,Winter
2023-07-04,04:40:00,2023,7,04,40,4,acoustic_diversity,2.010198,mf_beach,pre-dawn,Winter
2023-07-04,04:50:00,2023,7,04,50,4,acoustic_diversity,0.622125,mf_beach,pre-dawn,Winter
2023-07-04,05:00:00,2023,7,04,0,5,acoustic_diversity,1.161498,mf_beach,dawn,Winter
2023-07-04,05:10:00,2023,7,04,10,5,acoustic_diversity,2.140363,mf_beach,dawn,Winter
2023-07-04,05:20:00,2023,7,04,20,5,acoustic_diversity,0.624387,mf_beach,dawn,Winter
2023-07-04,05:30:00,2023,7,04,30,5,acoustic_diversity,1.737062,mf_beach,dawn,Winter
2023-07-04,05:40:00,2023,7,04,40,5,acoustic_diversity,1.185265,mf_beach,dawn,Winter
2023-07-04,05:50:00,2023,7,04,50,5,acoustic_diversity,1.033245,mf_beach,dawn,Winter
2023-07-04,06:00:00,2023,7,04,0,6,acoustic_diversity,0.775766,mf_beach,dawn,Winter
2023-07-04,06:10:00,2023,7,04,10,6,acoustic_diversity,1.376568,mf_beach,dawn,Winter
2023-07-04,06:20:00,2023,7,04,20,6,acoustic_diversity,0.578785,mf_beach,dawn,Winter
2023-07-04,06:30:00,2023,7,04,30,6,acoustic_diversity,0.852665,mf_beach,dawn,Winter
2023-07-04,06:40:00,2023,7,04,40,6,acoustic_diversity,1.421495,mf_beach,dawn,Winter
2023-07-04,06:50:00,2023,7,04,50,6,acoustic_diversity,1.109306,mf_beach,dawn,Winter
2023-07-04,07:00:00,2023,7,04,0,7,acoustic_diversity,0.879561,mf_beach,dawn,Winter
2023-07-04,07:10:00,2023,7,04,10,7,acoustic_diversity,1.208737,mf_beach,dawn,Winter
2023-07-04,07:20:00,2023,7,04,20,7,acoustic_diversity,1.341201,mf_beach,dawn,Winter
2023-07-04,07:30:00,2023,7,04,30,7,acoustic_diversity,1.400908,mf_beach,dawn,Winter
2023-07-04,07:40:00,2023,7,04,40,7,acoustic_diversity,0.998048,mf_beach,dawn,Winter
2023-07-04,07:50:00,2023,7,04,50,7,acoustic_diversity,0.854869,mf_beach,dawn,Winter
2023-07-04,08:00:00,2023,7,04,0,8,acoustic_diversity,0.785943,mf_beach,morning,Winter
2023-07-04,08:10:00,2023,7,04,10,8,acoustic_diversity,0.879047,mf_beach,morning,Winter
2023-07-04,08:20:00,2023,7,04,20,8,acoustic_diversity,1.531876,mf_beach,morning,Winter
2023-07-04,08:30:00,2023,7,04,30,8,acoustic_diversity,1.310189,mf_beach,morning,Winter
2023-07-04,08:40:00,2023,7,04,40,8,acoustic_diversity,1.336696,mf_beach,morning,Winter
2023-07-04,08:50:00,2023,7,04,50,8,acoustic_diversity,1.657461,mf_beach,morning,Winter
2023-07-04,09:00:00,2023,7,04,0,9,acoustic_diversity,1.564588,mf_beach,morning,Winter
2023-07-04,09:10:00,2023,7,04,10,9,acoustic_diversity,1.139857,mf_beach,morning,Winter
2023-07-04,09:20:00,2023,7,04,20,9,acoustic_diversity,1.285771,mf_beach,morning,Winter
2023-07-04,09:30:00,2023,7,04,30,9,acoustic_diversity,1.599811,mf_beach,morning,Winter
2023-07-04,09:40:00,2023,7,04,40,9,acoustic_diversity,0.723439,mf_beach,morning,Winter
2023-07-04,09:50:00,2023,7,04,50,9,acoustic_diversity,1.381712,mf_beach,morning,Winter
2023-07-04,10:00:00,2023,7,04,0,10,acoustic_diversity,1.562504,mf_beach,morning,Winter
2023-07-04,10:10:00,2023,7,04,10,10,acoustic_diversity,0.823166,mf_beach,morning,Winter
2023-07-04,10:20:00,2023,7,04,20,10,acoustic_diversity,1.198175,mf_beach,morning,Winter
2023-07-04,10:30:00,2023,7,04,30,10,acoustic_diversity,1.402772,mf_beach,morning,Winter
2023-07-04,10:40:00,2023,7,04,40,10,acoustic_diversity,0.928063,mf_beach,morning,Winter
2023-07-04,10:50:00,2023,7,04,50,10,acoustic_diversity,0.910117,mf_beach,morning,Winter
2023-07-04,11:00:00,2023,7,04,0,11,acoustic_diversity,0.831981,mf_beach,morning,Winter
2023-07-04,11:10:00,2023,7,04,10,11,acoustic_diversity,0.986835,mf_beach,morning,Winter
2023-07-04,11:20:00,2023,7,04,20,11,acoustic_diversity,0.738425,mf_beach,morning,Winter
2023-07-04,11:30:00,2023,7,04,30,11,acoustic_diversity,0.787247,mf_beach,morning,Winter
2023-07-04,11:40:00,2023,7,04,40,11,acoustic_diversity,1.318602,mf_beach,morning,Winter
2023-07-04,11:50:00,2023,7,04,50,11,acoustic_diversity,1.0029,mf_beach,morning,Winter
2023-07-04,12:00:00,2023,7,04,0,12,acoustic_diversity,1.010927,mf_beach,midday,Winter
2023-07-04,12:10:00,2023,7,04,10,12,acoustic_diversity,1.371015,mf_beach,midday,Winter
2023-07-04,12:20:00,2023,7,04,20,12,acoustic_diversity,1.519299,mf_beach,midday,Winter
2023-07-04,12:30:00,2023,7,04,30,12,acoustic_diversity,1.074938,mf_beach,midday,Winter
2023-07-04,12:40:00,2023,7,04,40,12,acoustic_diversity,0.877537,mf_beach,midday,Winter
2023-07-04,12:50:00,2023,7,04,50,12,acoustic_diversity,1.372453,mf_beach,midday,Winter
2023-07-04,13:00:00,2023,7,04,0,13,acoustic_diversity,0.479552,mf_beach,midday,Winter
2023-07-04,13:10:00,2023,7,04,10,13,acoustic_diversity,1.334708,mf_beach,midday,Winter
2023-07-04,13:20:00,2023,7,04,20,13,acoustic_diversity,1.114302,mf_beach,midday,Winter
2023-07-04,13:30:00,2023,7,04,30,13,acoustic_diversity,1.800491,mf_beach,midday,Winter
2023-07-04,13:40:00,2023,7,04,40,13,acoustic_diversity,0.880764,mf_beach,midday,Winter
2023-07-04,13:50:00,2023,7,04,50,13,acoustic_diversity,1.057222,mf_beach,midday,Winter
2023-07-04,14:00:00,2023,7,04,0,14,acoustic_diversity,0.867421,mf_beach,afternoon,Winter
2023-07-04,14:10:00,2023,7,04,10,14,acoustic_diversity,1.794802,mf_beach,afternoon,Winter
2023-07-04,14:20:00,2023,7,04,20,14,acoustic_diversity,0.839068,mf_beach,afternoon,Winter
2023-07-04,14:30:00,2023,7,04,30,14,acoustic_diversity,1.822199,mf_beach,afternoon,Winter
2023-07-04,14:40:00,2023,7,04,40,14,acoustic_diversity,1.174195,mf_beach,afternoon,Winter
2023-07-04,14:50:00,2023,7,04,50,14,acoustic_diversity,0.905243,mf_beach,afternoon,Winter
2023-07-04,15:00:00,2023,7,04,0,15,acoustic_diversity,1.181163,mf_beach,afternoon,Winter
2023-07-04,15:10:00,2023,7,04,10,15,acoustic_diversity,1.021801,mf_beach,afternoon,Winter
2023-07-04,15:20:00,2023,7,04,20,15,acoustic_diversity,0.815767,mf_beach,afternoon,Winter
2023-07-04,15:30:00,2023,7,04,30,15,acoustic_diversity,1.17975,mf_beach,afternoon,Winter
2023-07-04,15:40:00,2023,7,04,40,15,acoustic_diversity,1.285154,mf_beach,afternoon,Winter
2023-07-04,15:50:00,2023,7,04,50,15,acoustic_diversity,1.399918,mf_beach,afternoon,Winter
2023-07-04,16:00:00,2023,7,04,0,16,acoustic_diversity,0.974757,mf_beach,afternoon,Winter
2023-07-04,16:10:00,2023,7,04,10,16,acoustic_diversity,0.857974,mf_beach,afternoon,Winter
2023-07-04,16:20:00,2023,7,04,20,16,acoustic_diversity,1.402836,mf_beach,afternoon,Winter
2023-07-04,16:30:00,2023,7,04,30,16,acoustic_diversity,0.978675,mf_beach,afternoon,Winter
2023-07-04,16:40:00,2023,7,04,40,16,acoustic_diversity,1.402675,mf_beach,afternoon,Winter
2023-07-04,16:50:00,2023,7,04,50,16,acoustic_diversity,1.340292,mf_beach,afternoon,Winter
2023-07-04,17:00:00,2023,7,04,0,17,acoustic_diversity,1.589293,mf_beach,afternoon,Winter
2023-07-04,17:10:00,2023,7,04,10,17,acoustic_diversity,1.036328,mf_beach,afternoon,Winter
2023-07-04,17:20:00,2023,7,04,20,17,acoustic_diversity,1.402636,mf_beach,afternoon,Winter
2023-07-04,17:30:00,2023,7,04,30,17,acoustic_diversity,1.266248,mf_beach,afternoon,Winter
2023-07-04,17:40:00,2023,7,04,40,17,acoustic_diversity,0.706927,mf_beach,afternoon,Winter
2023-07-04,17:50:00,2023,7,04,50,17,acoustic_diversity,0.641028,mf_beach,afternoon,Winter
2023-07-04,18:00:00,2023,7,04,0,18,acoustic_diversity,0.697183,mf_beach,dusk,Winter
2023-07-04,18:10:00,2023,7,04,10,18,acoustic_diversity,0.648682,mf_beach,dusk,Winter
2023-07-04,18:20:00,2023,7,04,20,18,acoustic_diversity,0.946826,mf_beach,dusk,Winter
2023-07-04,18:30:00,2023,7,04,30,18,acoustic_diversity,0.135043,mf_beach,dusk,Winter
2023-07-04,18:40:00,2023,7,04,40,18,acoustic_diversity,0.652113,mf_beach,dusk,Winter
2023-07-04,18:50:00,2023,7,04,50,18,acoustic_diversity,0.662808,mf_beach,dusk,Winter
2023-07-04,19:00:00,2023,7,04,0,19,acoustic_diversity,0.911882,mf_beach,dusk,Winter
2023-07-04,19:10:00,2023,7,04,10,19,acoustic_diversity,0.910642,mf_beach,dusk,Winter
2023-07-04,19:20:00,2023,7,04,20,19,acoustic_diversity,0.56755,mf_beach,dusk,Winter
2023-07-04,19:30:00,2023,7,04,30,19,acoustic_diversity,0.696278,mf_beach,dusk,Winter
2023-07-04,19:40:00,2023,7,04,40,19,acoustic_diversity,1.714639,mf_beach,dusk,Winter
2023-07-04,19:50:00,2023,7,04,50,19,acoustic_diversity,0.730574,mf_beach,dusk,Winter
2023-07-04,20:00:00,2023,7,04,0,20,acoustic_diversity,0.676952,mf_beach,night,Winter
2023-07-04,20:10:00,2023,7,04,10,20,acoustic_diversity,1.6006880000000001,mf_beach,night,Winter
2023-07-04,20:20:00,2023,7,04,20,20,acoustic_diversity,0.695569,mf_beach,night,Winter
2023-07-04,20:30:00,2023,7,04,30,20,acoustic_diversity,1.491134,mf_beach,night,Winter
2023-07-04,20:40:00,2023,7,04,40,20,acoustic_diversity,1.108906,mf_beach,night,Winter
2023-07-04,20:50:00,2023,7,04,50,20,acoustic_diversity,1.795062,mf_beach,night,Winter
2023-07-04,21:00:00,2023,7,04,0,21,acoustic_diversity,1.158184,mf_beach,night,Winter
2023-07-04,21:10:00,2023,7,04,10,21,acoustic_diversity,1.761094,mf_beach,night,Winter
2023-07-04,21:20:00,2023,7,04,20,21,acoustic_diversity,0.703636,mf_beach,night,Winter
2023-07-04,21:30:00,2023,7,04,30,21,acoustic_diversity,1.730791,mf_beach,night,Winter
2023-07-04,21:40:00,2023,7,04,40,21,acoustic_diversity,0.249978,mf_beach,night,Winter
2023-07-04,21:50:00,2023,7,04,50,21,acoustic_diversity,0.665802,mf_beach,night,Winter
2023-07-04,22:00:00,2023,7,04,0,22,acoustic_diversity,1.575659,mf_beach,night,Winter
2023-07-04,22:10:00,2023,7,04,10,22,acoustic_diversity,0.712992,mf_beach,night,Winter
2023-07-04,22:20:00,2023,7,04,20,22,acoustic_diversity,0.6697,mf_beach,night,Winter
2023-07-04,22:30:00,2023,7,04,30,22,acoustic_diversity,0.691178,mf_beach,night,Winter
2023-07-04,22:40:00,2023,7,04,40,22,acoustic_diversity,1.105834,mf_beach,night,Winter
2023-07-04,22:50:00,2023,7,04,50,22,acoustic_diversity,1.053783,mf_beach,night,Winter
2023-07-04,23:00:00,2023,7,04,0,23,acoustic_diversity,1.34954,mf_beach,night,Winter
2023-07-04,23:10:00,2023,7,04,10,23,acoustic_diversity,0.796974,mf_beach,night,Winter
2023-07-04,23:20:00,2023,7,04,20,23,acoustic_diversity,1.03208,mf_beach,night,Winter
2023-07-04,23:30:00,2023,7,04,30,23,acoustic_diversity,0.735408,mf_beach,night,Winter
2023-07-04,23:40:00,2023,7,04,40,23,acoustic_diversity,1.033937,mf_beach,night,Winter
2023-07-04,23:50:00,2023,7,04,50,23,acoustic_diversity,0.745364,mf_beach,night,Winter
2023-07-05,00:00:00,2023,7,05,0,0,acoustic_diversity,1.804557,mf_beach,pre-dawn,Winter
2023-07-05,00:10:00,2023,7,05,10,0,acoustic_diversity,0.667651,mf_beach,pre-dawn,Winter
2023-07-05,00:20:00,2023,7,05,20,0,acoustic_diversity,0.051791,mf_beach,pre-dawn,Winter
2023-07-05,00:30:00,2023,7,05,30,0,acoustic_diversity,0.618571,mf_beach,pre-dawn,Winter
2023-07-05,00:40:00,2023,7,05,40,0,acoustic_diversity,0.654438,mf_beach,pre-dawn,Winter
2023-07-05,00:50:00,2023,7,05,50,0,acoustic_diversity,1.334779,mf_beach,pre-dawn,Winter
2023-07-05,01:00:00,2023,7,05,0,1,acoustic_diversity,1.544307,mf_beach,pre-dawn,Winter
2023-07-05,01:10:00,2023,7,05,10,1,acoustic_diversity,0.594369,mf_beach,pre-dawn,Winter
2023-07-05,01:20:00,2023,7,05,20,1,acoustic_diversity,0.261179,mf_beach,pre-dawn,Winter
2023-07-05,01:30:00,2023,7,05,30,1,acoustic_diversity,1.059702,mf_beach,pre-dawn,Winter
2023-07-05,01:40:00,2023,7,05,40,1,acoustic_diversity,0.343918,mf_beach,pre-dawn,Winter
2023-07-05,01:50:00,2023,7,05,50,1,acoustic_diversity,0.605288,mf_beach,pre-dawn,Winter
2023-07-05,02:00:00,2023,7,05,0,2,acoustic_diversity,0.66996,mf_beach,pre-dawn,Winter
2023-07-05,02:10:00,2023,7,05,10,2,acoustic_diversity,0.585163,mf_beach,pre-dawn,Winter
2023-07-05,02:20:00,2023,7,05,20,2,acoustic_diversity,0.651714,mf_beach,pre-dawn,Winter
2023-07-05,02:30:00,2023,7,05,30,2,acoustic_diversity,0.145256,mf_beach,pre-dawn,Winter
2023-07-05,02:40:00,2023,7,05,40,2,acoustic_diversity,0,mf_beach,pre-dawn,Winter
2023-07-05,02:50:00,2023,7,05,50,2,acoustic_diversity,0.155708,mf_beach,pre-dawn,Winter
2023-07-05,03:00:00,2023,7,05,0,3,acoustic_diversity,0,mf_beach,pre-dawn,Winter
2023-07-05,03:10:00,2023,7,05,10,3,acoustic_diversity,0.735547,mf_beach,pre-dawn,Winter
2023-07-05,03:20:00,2023,7,05,20,3,acoustic_diversity,0.682055,mf_beach,pre-dawn,Winter
2023-07-05,03:30:00,2023,7,05,30,3,acoustic_diversity,0.855009,mf_beach,pre-dawn,Winter
2023-07-05,03:40:00,2023,7,05,40,3,acoustic_diversity,0.520194,mf_beach,pre-dawn,Winter
2023-07-05,03:50:00,2023,7,05,50,3,acoustic_diversity,0.147123,mf_beach,pre-dawn,Winter
2023-07-05,04:00:00,2023,7,05,0,4,acoustic_diversity,1.232156,mf_beach,pre-dawn,Winter
2023-07-05,04:10:00,2023,7,05,10,4,acoustic_diversity,1.111301,mf_beach,pre-dawn,Winter
2023-07-05,04:20:00,2023,7,05,20,4,acoustic_diversity,0.377288,mf_beach,pre-dawn,Winter
2023-07-05,04:30:00,2023,7,05,30,4,acoustic_diversity,0.358619,mf_beach,pre-dawn,Winter
2023-07-05,04:40:00,2023,7,05,40,4,acoustic_diversity,0.652179,mf_beach,pre-dawn,Winter
2023-07-05,04:50:00,2023,7,05,50,4,acoustic_diversity,1.058755,mf_beach,pre-dawn,Winter
2023-07-05,05:00:00,2023,7,05,0,5,acoustic_diversity,1.258162,mf_beach,dawn,Winter
2023-07-05,05:10:00,2023,7,05,10,5,acoustic_diversity,0.857038,mf_beach,dawn,Winter
2023-07-05,05:20:00,2023,7,05,20,5,acoustic_diversity,0.715439,mf_beach,dawn,Winter
2023-07-05,05:30:00,2023,7,05,30,5,acoustic_diversity,0.894685,mf_beach,dawn,Winter
2023-07-05,05:40:00,2023,7,05,40,5,acoustic_diversity,1.80079,mf_beach,dawn,Winter
2023-07-05,05:50:00,2023,7,05,50,5,acoustic_diversity,1.680522,mf_beach,dawn,Winter
2023-07-05,06:00:00,2023,7,05,0,6,acoustic_diversity,1.568924,mf_beach,dawn,Winter
2023-07-05,06:10:00,2023,7,05,10,6,acoustic_diversity,1.14007,mf_beach,dawn,Winter
2023-07-05,06:20:00,2023,7,05,20,6,acoustic_diversity,0.844022,mf_beach,dawn,Winter
2023-07-05,06:30:00,2023,7,05,30,6,acoustic_diversity,1.429281,mf_beach,dawn,Winter
2023-07-05,06:40:00,2023,7,05,40,6,acoustic_diversity,0.763043,mf_beach,dawn,Winter
2023-07-05,06:50:00,2023,7,05,50,6,acoustic_diversity,0.96386,mf_beach,dawn,Winter
2023-07-05,07:00:00,2023,7,05,0,7,acoustic_diversity,1.450425,mf_beach,dawn,Winter
2023-07-05,07:10:00,2023,7,05,10,7,acoustic_diversity,1.268878,mf_beach,dawn,Winter
2023-07-05,07:20:00,2023,7,05,20,7,acoustic_diversity,1.433732,mf_beach,dawn,Winter
2023-07-05,07:30:00,2023,7,05,30,7,acoustic_diversity,0.930706,mf_beach,dawn,Winter
2023-07-05,07:40:00,2023,7,05,40,7,acoustic_diversity,1.1569,mf_beach,dawn,Winter
2023-07-05,07:50:00,2023,7,05,50,7,acoustic_diversity,1.185674,mf_beach,dawn,Winter
2023-07-05,08:00:00,2023,7,05,0,8,acoustic_diversity,0.983022,mf_beach,morning,Winter
2023-07-05,08:10:00,2023,7,05,10,8,acoustic_diversity,1.064195,mf_beach,morning,Winter
2023-07-05,08:20:00,2023,7,05,20,8,acoustic_diversity,0.859849,mf_beach,morning,Winter
2023-07-05,08:30:00,2023,7,05,30,8,acoustic_diversity,1.43034,mf_beach,morning,Winter
2023-07-05,08:40:00,2023,7,05,40,8,acoustic_diversity,0.952411,mf_beach,morning,Winter
2023-07-05,08:50:00,2023,7,05,50,8,acoustic_diversity,1.390259,mf_beach,morning,Winter
2023-07-05,09:00:00,2023,7,05,0,9,acoustic_diversity,0.745042,mf_beach,morning,Winter
2023-07-05,09:10:00,2023,7,05,10,9,acoustic_diversity,0.82913,mf_beach,morning,Winter
2023-07-05,09:20:00,2023,7,05,20,9,acoustic_diversity,1.249588,mf_beach,morning,Winter
2023-07-05,09:30:00,2023,7,05,30,9,acoustic_diversity,1.192997,mf_beach,morning,Winter
2023-07-05,09:40:00,2023,7,05,40,9,acoustic_diversity,0.688149,mf_beach,morning,Winter
2023-07-05,09:50:00,2023,7,05,50,9,acoustic_diversity,1.033464,mf_beach,morning,Winter
2023-07-05,10:00:00,2023,7,05,0,10,acoustic_diversity,1.088062,mf_beach,morning,Winter
2023-07-05,10:10:00,2023,7,05,10,10,acoustic_diversity,1.236053,mf_beach,morning,Winter
2023-07-05,10:20:00,2023,7,05,20,10,acoustic_diversity,0.656579,mf_beach,morning,Winter
2023-07-05,10:30:00,2023,7,05,30,10,acoustic_diversity,1.223749,mf_beach,morning,Winter
2023-07-05,10:40:00,2023,7,05,40,10,acoustic_diversity,1.567137,mf_beach,morning,Winter
2023-07-05,10:50:00,2023,7,05,50,10,acoustic_diversity,1.350469,mf_beach,morning,Winter
2023-07-05,11:00:00,2023,7,05,0,11,acoustic_diversity,0.081782,mf_beach,morning,Winter
2023-07-05,11:10:00,2023,7,05,10,11,acoustic_diversity,1.094676,mf_beach,morning,Winter
2023-07-05,11:20:00,2023,7,05,20,11,acoustic_diversity,0.957603,mf_beach,morning,Winter
2023-07-05,11:30:00,2023,7,05,30,11,acoustic_diversity,0.704891,mf_beach,morning,Winter
2023-07-05,11:40:00,2023,7,05,40,11,acoustic_diversity,0.272636,mf_beach,morning,Winter
2023-07-05,11:50:00,2023,7,05,50,11,acoustic_diversity,1.314426,mf_beach,morning,Winter
2023-07-05,12:00:00,2023,7,05,0,12,acoustic_diversity,1.69204,mf_beach,midday,Winter
2023-07-05,12:10:00,2023,7,05,10,12,acoustic_diversity,1.285853,mf_beach,midday,Winter
2023-07-05,12:20:00,2023,7,05,20,12,acoustic_diversity,1.670345,mf_beach,midday,Winter
2023-07-05,12:30:00,2023,7,05,30,12,acoustic_diversity,0.633275,mf_beach,midday,Winter
2023-07-05,12:40:00,2023,7,05,40,12,acoustic_diversity,0.826494,mf_beach,midday,Winter
2023-07-05,12:50:00,2023,7,05,50,12,acoustic_diversity,0.934591,mf_beach,midday,Winter
2023-07-05,13:00:00,2023,7,05,0,13,acoustic_diversity,1.025084,mf_beach,midday,Winter
2023-07-05,13:10:00,2023,7,05,10,13,acoustic_diversity,1.565429,mf_beach,midday,Winter
2023-07-05,13:20:00,2023,7,05,20,13,acoustic_diversity,1.712845,mf_beach,midday,Winter
2023-07-05,13:30:00,2023,7,05,30,13,acoustic_diversity,0.898571,mf_beach,midday,Winter
2023-07-05,13:40:00,2023,7,05,40,13,acoustic_diversity,1.091044,mf_beach,midday,Winter
2023-07-05,13:50:00,2023,7,05,50,13,acoustic_diversity,0.496164,mf_beach,midday,Winter
2023-07-05,14:00:00,2023,7,05,0,14,acoustic_diversity,0.074135,mf_beach,afternoon,Winter
2023-07-05,14:10:00,2023,7,05,10,14,acoustic_diversity,0.801476,mf_beach,afternoon,Winter
2023-07-05,14:20:00,2023,7,05,20,14,acoustic_diversity,0.839338,mf_beach,afternoon,Winter
2023-07-05,14:30:00,2023,7,05,30,14,acoustic_diversity,1.108681,mf_beach,afternoon,Winter
2023-07-05,14:40:00,2023,7,05,40,14,acoustic_diversity,0.804969,mf_beach,afternoon,Winter
2023-07-05,14:50:00,2023,7,05,50,14,acoustic_diversity,1.535522,mf_beach,afternoon,Winter
2023-07-05,15:00:00,2023,7,05,0,15,acoustic_diversity,1.359053,mf_beach,afternoon,Winter
2023-07-05,15:10:00,2023,7,05,10,15,acoustic_diversity,0.790075,mf_beach,afternoon,Winter
2023-07-05,15:20:00,2023,7,05,20,15,acoustic_diversity,1.129675,mf_beach,afternoon,Winter
2023-07-05,15:30:00,2023,7,05,30,15,acoustic_diversity,0.498941,mf_beach,afternoon,Winter
2023-07-05,15:40:00,2023,7,05,40,15,acoustic_diversity,1.06523,mf_beach,afternoon,Winter
2023-07-05,15:50:00,2023,7,05,50,15,acoustic_diversity,0.859576,mf_beach,afternoon,Winter
2023-07-05,16:00:00,2023,7,05,0,16,acoustic_diversity,1.318167,mf_beach,afternoon,Winter
2023-07-05,16:10:00,2023,7,05,10,16,acoustic_diversity,0.70177,mf_beach,afternoon,Winter
2023-07-05,16:20:00,2023,7,05,20,16,acoustic_diversity,0.924895,mf_beach,afternoon,Winter
2023-07-05,16:30:00,2023,7,05,30,16,acoustic_diversity,1.437789,mf_beach,afternoon,Winter
2023-07-05,16:40:00,2023,7,05,40,16,acoustic_diversity,0.869178,mf_beach,afternoon,Winter
2023-07-05,16:50:00,2023,7,05,50,16,acoustic_diversity,1.648779,mf_beach,afternoon,Winter
2023-07-05,17:00:00,2023,7,05,0,17,acoustic_diversity,1.061639,mf_beach,afternoon,Winter
2023-07-05,17:10:00,2023,7,05,10,17,acoustic_diversity,1.061112,mf_beach,afternoon,Winter
2023-07-05,17:20:00,2023,7,05,20,17,acoustic_diversity,1.325796,mf_beach,afternoon,Winter
2023-07-05,17:30:00,2023,7,05,30,17,acoustic_diversity,1.3992,mf_beach,afternoon,Winter
2023-07-05,17:40:00,2023,7,05,40,17,acoustic_diversity,0.725409,mf_beach,afternoon,Winter
2023-07-05,17:50:00,2023,7,05,50,17,acoustic_diversity,0.282338,mf_beach,afternoon,Winter
2023-07-05,18:00:00,2023,7,05,0,18,acoustic_diversity,0.606004,mf_beach,dusk,Winter
2023-07-05,18:10:00,2023,7,05,10,18,acoustic_diversity,0,mf_beach,dusk,Winter
2023-07-05,18:20:00,2023,7,05,20,18,acoustic_diversity,0.282692,mf_beach,dusk,Winter
2023-07-05,18:30:00,2023,7,05,30,18,acoustic_diversity,0.179556,mf_beach,dusk,Winter
2023-07-05,18:40:00,2023,7,05,40,18,acoustic_diversity,0.880341,mf_beach,dusk,Winter
2023-07-05,18:50:00,2023,7,05,50,18,acoustic_diversity,1.327725,mf_beach,dusk,Winter
2023-07-05,19:00:00,2023,7,05,0,19,acoustic_diversity,0.465954,mf_beach,dusk,Winter
2023-07-05,19:10:00,2023,7,05,10,19,acoustic_diversity,1.000847,mf_beach,dusk,Winter
2023-07-05,19:20:00,2023,7,05,20,19,acoustic_diversity,0.676983,mf_beach,dusk,Winter
2023-07-05,19:30:00,2023,7,05,30,19,acoustic_diversity,0.422358,mf_beach,dusk,Winter
2023-07-05,19:40:00,2023,7,05,40,19,acoustic_diversity,0.609309,mf_beach,dusk,Winter
2023-07-05,19:50:00,2023,7,05,50,19,acoustic_diversity,0.406796,mf_beach,dusk,Winter
2023-07-05,20:00:00,2023,7,05,0,20,acoustic_diversity,0.710801,mf_beach,night,Winter
2023-07-05,20:10:00,2023,7,05,10,20,acoustic_diversity,0,mf_beach,night,Winter
2023-07-05,20:20:00,2023,7,05,20,20,acoustic_diversity,0,mf_beach,night,Winter
2023-07-05,20:30:00,2023,7,05,30,20,acoustic_diversity,0.670165,mf_beach,night,Winter
2023-07-05,20:40:00,2023,7,05,40,20,acoustic_diversity,0.536343,mf_beach,night,Winter
2023-07-05,20:50:00,2023,7,05,50,20,acoustic_diversity,0.474979,mf_beach,night,Winter
2023-07-05,21:00:00,2023,7,05,0,21,acoustic_diversity,0.274736,mf_beach,night,Winter
2023-07-05,21:10:00,2023,7,05,10,21,acoustic_diversity,0.217534,mf_beach,night,Winter
2023-07-05,21:20:00,2023,7,05,20,21,acoustic_diversity,0.821674,mf_beach,night,Winter
2023-07-05,21:30:00,2023,7,05,30,21,acoustic_diversity,0.72366,mf_beach,night,Winter
2023-07-05,21:40:00,2023,7,05,40,21,acoustic_diversity,0.867149,mf_beach,night,Winter
2023-07-05,21:50:00,2023,7,05,50,21,acoustic_diversity,0.159974,mf_beach,night,Winter
2023-07-05,22:00:00,2023,7,05,0,22,acoustic_diversity,0.543481,mf_beach,night,Winter
2023-07-05,22:10:00,2023,7,05,10,22,acoustic_diversity,0.706077,mf_beach,night,Winter
2023-07-05,22:20:00,2023,7,05,20,22,acoustic_diversity,0,mf_beach,night,Winter
2023-07-05,22:30:00,2023,7,05,30,22,acoustic_diversity,0,mf_beach,night,Winter
2023-07-05,22:40:00,2023,7,05,40,22,acoustic_diversity,0,mf_beach,night,Winter
2023-07-05,22:50:00,2023,7,05,50,22,acoustic_diversity,0,mf_beach,night,Winter
2023-07-05,23:00:00,2023,7,05,0,23,acoustic_diversity,0,mf_beach,night,Winter
2023-07-05,23:10:00,2023,7,05,10,23,acoustic_diversity,0,mf_beach,night,Winter
2023-07-05,23:20:00,2023,7,05,20,23,acoustic_diversity,0.533357,mf_beach,night,Winter
2023-07-05,23:30:00,2023,7,05,30,23,acoustic_diversity,0.327487,mf_beach,night,Winter
2023-07-05,23:40:00,2023,7,05,40,23,acoustic_diversity,0.839909,mf_beach,night,Winter
2023-07-05,23:50:00,2023,7,05,50,23,acoustic_diversity,0.900401,mf_beach,night,Winter
2023-07-06,00:00:00,2023,7,06,0,0,acoustic_diversity,0.69017,mf_beach,pre-dawn,Winter
2023-07-06,00:10:00,2023,7,06,10,0,acoustic_diversity,0.515074,mf_beach,pre-dawn,Winter
2023-07-06,00:20:00,2023,7,06,20,0,acoustic_diversity,0.380692,mf_beach,pre-dawn,Winter
2023-07-06,00:30:00,2023,7,06,30,0,acoustic_diversity,0.410123,mf_beach,pre-dawn,Winter
2023-07-06,00:40:00,2023,7,06,40,0,acoustic_diversity,0.396591,mf_beach,pre-dawn,Winter
2023-07-06,00:50:00,2023,7,06,50,0,acoustic_diversity,0.085753,mf_beach,pre-dawn,Winter
2023-07-06,01:00:00,2023,7,06,0,1,acoustic_diversity,0.680469,mf_beach,pre-dawn,Winter
2023-07-06,01:10:00,2023,7,06,10,1,acoustic_diversity,0.63278,mf_beach,pre-dawn,Winter
2023-07-06,01:20:00,2023,7,06,20,1,acoustic_diversity,0.266023,mf_beach,pre-dawn,Winter
2023-07-06,01:30:00,2023,7,06,30,1,acoustic_diversity,0.642043,mf_beach,pre-dawn,Winter
2023-07-06,01:40:00,2023,7,06,40,1,acoustic_diversity,0.538396,mf_beach,pre-dawn,Winter
2023-07-06,01:50:00,2023,7,06,50,1,acoustic_diversity,0.533017,mf_beach,pre-dawn,Winter
2023-07-06,02:00:00,2023,7,06,0,2,acoustic_diversity,0.939607,mf_beach,pre-dawn,Winter
2023-07-06,02:10:00,2023,7,06,10,2,acoustic_diversity,1.053163,mf_beach,pre-dawn,Winter
2023-07-06,02:20:00,2023,7,06,20,2,acoustic_diversity,0.563616,mf_beach,pre-dawn,Winter
2023-07-06,02:30:00,2023,7,06,30,2,acoustic_diversity,0.323119,mf_beach,pre-dawn,Winter
2023-07-06,02:40:00,2023,7,06,40,2,acoustic_diversity,0.613726,mf_beach,pre-dawn,Winter
2023-07-06,02:50:00,2023,7,06,50,2,acoustic_diversity,0,mf_beach,pre-dawn,Winter
2023-07-06,03:00:00,2023,7,06,0,3,acoustic_diversity,0,mf_beach,pre-dawn,Winter
2023-07-06,03:10:00,2023,7,06,10,3,acoustic_diversity,0.648646,mf_beach,pre-dawn,Winter
2023-07-06,03:20:00,2023,7,06,20,3,acoustic_diversity,0.917207,mf_beach,pre-dawn,Winter
2023-07-06,03:30:00,2023,7,06,30,3,acoustic_diversity,1.112752,mf_beach,pre-dawn,Winter
2023-07-06,03:40:00,2023,7,06,40,3,acoustic_diversity,0.261436,mf_beach,pre-dawn,Winter
2023-07-06,03:50:00,2023,7,06,50,3,acoustic_diversity,1.412091,mf_beach,pre-dawn,Winter
2023-07-06,04:00:00,2023,7,06,0,4,acoustic_diversity,0.36547,mf_beach,pre-dawn,Winter
2023-07-06,04:10:00,2023,7,06,10,4,acoustic_diversity,0.471126,mf_beach,pre-dawn,Winter
2023-07-06,04:20:00,2023,7,06,20,4,acoustic_diversity,0.885907,mf_beach,pre-dawn,Winter
2023-07-06,04:30:00,2023,7,06,30,4,acoustic_diversity,0.817928,mf_beach,pre-dawn,Winter
2023-07-06,04:40:00,2023,7,06,40,4,acoustic_diversity,0,mf_beach,pre-dawn,Winter
2023-07-06,04:50:00,2023,7,06,50,4,acoustic_diversity,0.807261,mf_beach,pre-dawn,Winter
2023-07-06,05:00:00,2023,7,06,0,5,acoustic_diversity,0.639923,mf_beach,dawn,Winter
2023-07-06,05:10:00,2023,7,06,10,5,acoustic_diversity,0.995962,mf_beach,dawn,Winter
2023-07-06,05:20:00,2023,7,06,20,5,acoustic_diversity,0.825127,mf_beach,dawn,Winter
2023-07-06,05:30:00,2023,7,06,30,5,acoustic_diversity,0.555614,mf_beach,dawn,Winter
2023-07-06,05:40:00,2023,7,06,40,5,acoustic_diversity,1.105559,mf_beach,dawn,Winter
2023-07-06,05:50:00,2023,7,06,50,5,acoustic_diversity,0.762037,mf_beach,dawn,Winter
2023-07-06,06:00:00,2023,7,06,0,6,acoustic_diversity,0,mf_beach,dawn,Winter
2023-07-06,06:10:00,2023,7,06,10,6,acoustic_diversity,0,mf_beach,dawn,Winter
2023-07-06,06:20:00,2023,7,06,20,6,acoustic_diversity,0,mf_beach,dawn,Winter
2023-07-06,06:30:00,2023,7,06,30,6,acoustic_diversity,0,mf_beach,dawn,Winter
2023-07-06,06:40:00,2023,7,06,40,6,acoustic_diversity,0.42004,mf_beach,dawn,Winter
2023-07-06,06:50:00,2023,7,06,50,6,acoustic_diversity,0,mf_beach,dawn,Winter
2023-07-06,07:00:00,2023,7,06,0,7,acoustic_diversity,1.664553,mf_beach,dawn,Winter
2023-07-06,07:10:00,2023,7,06,10,7,acoustic_diversity,1.479956,mf_beach,dawn,Winter
2023-07-06,07:20:00,2023,7,06,20,7,acoustic_diversity,0.944844,mf_beach,dawn,Winter
2023-07-06,07:30:00,2023,7,06,30,7,acoustic_diversity,1.669017,mf_beach,dawn,Winter
2023-07-06,07:40:00,2023,7,06,40,7,acoustic_diversity,0.928339,mf_beach,dawn,Winter
2023-07-06,07:50:00,2023,7,06,50,7,acoustic_diversity,1.411765,mf_beach,dawn,Winter
2023-07-06,08:00:00,2023,7,06,0,8,acoustic_diversity,0.942544,mf_beach,morning,Winter
2023-07-06,08:10:00,2023,7,06,10,8,acoustic_diversity,0.705756,mf_beach,morning,Winter
2023-07-06,08:20:00,2023,7,06,20,8,acoustic_diversity,1.318826,mf_beach,morning,Winter
2023-07-06,08:30:00,2023,7,06,30,8,acoustic_diversity,0.859988,mf_beach,morning,Winter
2023-07-06,08:40:00,2023,7,06,40,8,acoustic_diversity,0.04068,mf_beach,morning,Winter
2023-07-06,08:50:00,2023,7,06,50,8,acoustic_diversity,0.511695,mf_beach,morning,Winter
2023-07-06,09:00:00,2023,7,06,0,9,acoustic_diversity,1.315702,mf_beach,morning,Winter
2023-07-06,09:10:00,2023,7,06,10,9,acoustic_diversity,1.133096,mf_beach,morning,Winter
2023-07-06,09:20:00,2023,7,06,20,9,acoustic_diversity,1.493235,mf_beach,morning,Winter
2023-07-06,09:30:00,2023,7,06,30,9,acoustic_diversity,0.309689,mf_beach,morning,Winter
2023-07-06,09:40:00,2023,7,06,40,9,acoustic_diversity,0.865637,mf_beach,morning,Winter
2023-07-06,09:50:00,2023,7,06,50,9,acoustic_diversity,0.877577,mf_beach,morning,Winter
2023-07-06,10:00:00,2023,7,06,0,10,acoustic_diversity,1.182321,mf_beach,morning,Winter
2023-07-06,10:10:00,2023,7,06,10,10,acoustic_diversity,1.362234,mf_beach,morning,Winter
2023-07-06,10:20:00,2023,7,06,20,10,acoustic_diversity,1.408081,mf_beach,morning,Winter
2023-07-06,10:30:00,2023,7,06,30,10,acoustic_diversity,1.320195,mf_beach,morning,Winter
2023-07-06,10:40:00,2023,7,06,40,10,acoustic_diversity,1.401373,mf_beach,morning,Winter
2023-07-06,10:50:00,2023,7,06,50,10,acoustic_diversity,0.951455,mf_beach,morning,Winter
2023-07-06,11:00:00,2023,7,06,0,11,acoustic_diversity,1.435012,mf_beach,morning,Winter
2023-07-06,11:10:00,2023,7,06,10,11,acoustic_diversity,0.850058,mf_beach,morning,Winter
2023-07-06,11:20:00,2023,7,06,20,11,acoustic_diversity,1.191183,mf_beach,morning,Winter
2023-07-06,11:30:00,2023,7,06,30,11,acoustic_diversity,1.286641,mf_beach,morning,Winter
2023-07-06,11:40:00,2023,7,06,40,11,acoustic_diversity,1.212735,mf_beach,morning,Winter
2023-07-06,11:50:00,2023,7,06,50,11,acoustic_diversity,0.332019,mf_beach,morning,Winter
2023-07-06,12:00:00,2023,7,06,0,12,acoustic_diversity,1.276603,mf_beach,midday,Winter
2023-07-06,12:10:00,2023,7,06,10,12,acoustic_diversity,1.060783,mf_beach,midday,Winter
2023-07-06,12:20:00,2023,7,06,20,12,acoustic_diversity,0.995406,mf_beach,midday,Winter
2023-07-06,12:30:00,2023,7,06,30,12,acoustic_diversity,0.258727,mf_beach,midday,Winter
2023-07-06,12:40:00,2023,7,06,40,12,acoustic_diversity,1.492134,mf_beach,midday,Winter
2023-07-06,12:50:00,2023,7,06,50,12,acoustic_diversity,1.196132,mf_beach,midday,Winter
2023-07-06,13:00:00,2023,7,06,0,13,acoustic_diversity,1.143497,mf_beach,midday,Winter
2023-07-06,13:10:00,2023,7,06,10,13,acoustic_diversity,1.260209,mf_beach,midday,Winter
2023-07-06,13:20:00,2023,7,06,20,13,acoustic_diversity,1.212227,mf_beach,midday,Winter
2023-07-06,13:30:00,2023,7,06,30,13,acoustic_diversity,1.058683,mf_beach,midday,Winter
2023-07-06,13:40:00,2023,7,06,40,13,acoustic_diversity,1.349696,mf_beach,midday,Winter
2023-07-06,13:50:00,2023,7,06,50,13,acoustic_diversity,1.28851,mf_beach,midday,Winter
2023-07-06,14:00:00,2023,7,06,0,14,acoustic_diversity,1.306246,mf_beach,afternoon,Winter
2023-07-06,14:10:00,2023,7,06,10,14,acoustic_diversity,1.32979,mf_beach,afternoon,Winter
2023-07-06,14:20:00,2023,7,06,20,14,acoustic_diversity,1.10787,mf_beach,afternoon,Winter
2023-07-06,14:30:00,2023,7,06,30,14,acoustic_diversity,1.294061,mf_beach,afternoon,Winter
2023-07-06,14:40:00,2023,7,06,40,14,acoustic_diversity,0.24498,mf_beach,afternoon,Winter
2023-07-06,14:50:00,2023,7,06,50,14,acoustic_diversity,1.524918,mf_beach,afternoon,Winter
2023-07-06,15:00:00,2023,7,06,0,15,acoustic_diversity,0.683867,mf_beach,afternoon,Winter
2023-07-06,15:10:00,2023,7,06,10,15,acoustic_diversity,1.56304,mf_beach,afternoon,Winter
2023-07-06,15:20:00,2023,7,06,20,15,acoustic_diversity,0.942389,mf_beach,afternoon,Winter
2023-07-06,15:30:00,2023,7,06,30,15,acoustic_diversity,1.224853,mf_beach,afternoon,Winter
2023-07-06,15:40:00,2023,7,06,40,15,acoustic_diversity,0.780558,mf_beach,afternoon,Winter
2023-07-06,15:50:00,2023,7,06,50,15,acoustic_diversity,1.401628,mf_beach,afternoon,Winter
2023-07-06,16:00:00,2023,7,06,0,16,acoustic_diversity,0.189578,mf_beach,afternoon,Winter
2023-07-06,16:10:00,2023,7,06,10,16,acoustic_diversity,0.972496,mf_beach,afternoon,Winter
2023-07-06,16:20:00,2023,7,06,20,16,acoustic_diversity,1.340469,mf_beach,afternoon,Winter
2023-07-06,16:30:00,2023,7,06,30,16,acoustic_diversity,1.122519,mf_beach,afternoon,Winter
2023-07-06,16:40:00,2023,7,06,40,16,acoustic_diversity,1.26248,mf_beach,afternoon,Winter
2023-07-06,16:50:00,2023,7,06,50,16,acoustic_diversity,1.564497,mf_beach,afternoon,Winter
2023-07-06,17:00:00,2023,7,06,0,17,acoustic_diversity,1.64886,mf_beach,afternoon,Winter
2023-07-06,17:10:00,2023,7,06,10,17,acoustic_diversity,1.49416,mf_beach,afternoon,Winter
2023-07-06,17:20:00,2023,7,06,20,17,acoustic_diversity,0.765416,mf_beach,afternoon,Winter
2023-07-06,17:30:00,2023,7,06,30,17,acoustic_diversity,1.406812,mf_beach,afternoon,Winter
2023-07-06,17:40:00,2023,7,06,40,17,acoustic_diversity,0.709362,mf_beach,afternoon,Winter
2023-07-06,17:50:00,2023,7,06,50,17,acoustic_diversity,0.667445,mf_beach,afternoon,Winter
2023-07-06,18:00:00,2023,7,06,0,18,acoustic_diversity,0.726877,mf_beach,dusk,Winter
2023-07-06,18:10:00,2023,7,06,10,18,acoustic_diversity,0.556458,mf_beach,dusk,Winter
2023-07-06,18:20:00,2023,7,06,20,18,acoustic_diversity,0.608153,mf_beach,dusk,Winter
2023-07-06,18:30:00,2023,7,06,30,18,acoustic_diversity,0.735525,mf_beach,dusk,Winter
2023-07-06,18:40:00,2023,7,06,40,18,acoustic_diversity,0.819127,mf_beach,dusk,Winter
2023-07-06,18:50:00,2023,7,06,50,18,acoustic_diversity,0.499428,mf_beach,dusk,Winter
2023-07-06,19:00:00,2023,7,06,0,19,acoustic_diversity,0.788989,mf_beach,dusk,Winter
2023-07-06,19:10:00,2023,7,06,10,19,acoustic_diversity,0.592896,mf_beach,dusk,Winter
2023-07-06,19:20:00,2023,7,06,20,19,acoustic_diversity,0.630999,mf_beach,dusk,Winter
2023-07-06,19:30:00,2023,7,06,30,19,acoustic_diversity,0.030189,mf_beach,dusk,Winter
2023-07-06,19:40:00,2023,7,06,40,19,acoustic_diversity,0.21596,mf_beach,dusk,Winter
2023-07-06,19:50:00,2023,7,06,50,19,acoustic_diversity,0.014656,mf_beach,dusk,Winter
2023-07-06,20:00:00,2023,7,06,0,20,acoustic_diversity,1.151046,mf_beach,night,Winter
2023-07-06,20:10:00,2023,7,06,10,20,acoustic_diversity,0.914902,mf_beach,night,Winter
2023-07-06,20:20:00,2023,7,06,20,20,acoustic_diversity,0.520619,mf_beach,night,Winter
2023-07-06,20:30:00,2023,7,06,30,20,acoustic_diversity,0.73067,mf_beach,night,Winter
2023-07-06,20:40:00,2023,7,06,40,20,acoustic_diversity,0.692868,mf_beach,night,Winter
2023-07-06,20:50:00,2023,7,06,50,20,acoustic_diversity,0.690308,mf_beach,night,Winter
2023-07-06,21:00:00,2023,7,06,0,21,acoustic_diversity,0.691888,mf_beach,night,Winter
2023-07-06,21:10:00,2023,7,06,10,21,acoustic_diversity,1.403204,mf_beach,night,Winter
2023-07-06,21:20:00,2023,7,06,20,21,acoustic_diversity,0.730011,mf_beach,night,Winter
2023-07-06,21:30:00,2023,7,06,30,21,acoustic_diversity,0.69371,mf_beach,night,Winter
2023-07-06,21:40:00,2023,7,06,40,21,acoustic_diversity,0.701428,mf_beach,night,Winter
2023-07-06,21:50:00,2023,7,06,50,21,acoustic_diversity,0.687731,mf_beach,night,Winter
2023-07-06,22:00:00,2023,7,06,0,22,acoustic_diversity,0.955839,mf_beach,night,Winter
2023-07-06,22:10:00,2023,7,06,10,22,acoustic_diversity,0.417609,mf_beach,night,Winter
2023-07-06,22:20:00,2023,7,06,20,22,acoustic_diversity,0.765519,mf_beach,night,Winter
2023-07-06,22:30:00,2023,7,06,30,22,acoustic_diversity,0.985867,mf_beach,night,Winter
2023-07-06,22:40:00,2023,7,06,40,22,acoustic_diversity,0.624278,mf_beach,night,Winter
2023-07-06,22:50:00,2023,7,06,50,22,acoustic_diversity,0.79689,mf_beach,night,Winter
2023-07-06,23:00:00,2023,7,06,0,23,acoustic_diversity,0.485135,mf_beach,night,Winter
2023-07-06,23:10:00,2023,7,06,10,23,acoustic_diversity,0.558795,mf_beach,night,Winter
2023-07-06,23:20:00,2023,7,06,20,23,acoustic_diversity,0.71149,mf_beach,night,Winter
2023-07-06,23:30:00,2023,7,06,30,23,acoustic_diversity,0.927438,mf_beach,night,Winter
2023-07-06,23:40:00,2023,7,06,40,23,acoustic_diversity,0.897741,mf_beach,night,Winter
2023-07-06,23:50:00,2023,7,06,50,23,acoustic_diversity,0.914352,mf_beach,night,Winter
2023-07-07,00:00:00,2023,7,07,0,0,acoustic_diversity,0.948973,mf_beach,pre-dawn,Winter
2023-07-07,00:10:00,2023,7,07,10,0,acoustic_diversity,0.836509,mf_beach,pre-dawn,Winter
2023-07-07,00:20:00,2023,7,07,20,0,acoustic_diversity,0.899742,mf_beach,pre-dawn,Winter
2023-07-07,00:30:00,2023,7,07,30,0,acoustic_diversity,0.567652,mf_beach,pre-dawn,Winter
2023-07-07,00:40:00,2023,7,07,40,0,acoustic_diversity,0.702692,mf_beach,pre-dawn,Winter
2023-07-07,00:50:00,2023,7,07,50,0,acoustic_diversity,0.866355,mf_beach,pre-dawn,Winter
2023-07-07,01:00:00,2023,7,07,0,1,acoustic_diversity,0.542892,mf_beach,pre-dawn,Winter
2023-07-07,01:10:00,2023,7,07,10,1,acoustic_diversity,0.354315,mf_beach,pre-dawn,Winter
2023-07-07,01:20:00,2023,7,07,20,1,acoustic_diversity,0.651299,mf_beach,pre-dawn,Winter
2023-07-07,01:30:00,2023,7,07,30,1,acoustic_diversity,0.984151,mf_beach,pre-dawn,Winter
2023-07-07,01:40:00,2023,7,07,40,1,acoustic_diversity,0.693121,mf_beach,pre-dawn,Winter
2023-07-07,01:50:00,2023,7,07,50,1,acoustic_diversity,0.676933,mf_beach,pre-dawn,Winter
2023-07-07,02:00:00,2023,7,07,0,2,acoustic_diversity,1.177881,mf_beach,pre-dawn,Winter
2023-07-07,02:10:00,2023,7,07,10,2,acoustic_diversity,1.385306,mf_beach,pre-dawn,Winter
2023-07-07,02:20:00,2023,7,07,20,2,acoustic_diversity,0.577266,mf_beach,pre-dawn,Winter
2023-07-07,02:30:00,2023,7,07,30,2,acoustic_diversity,0.269862,mf_beach,pre-dawn,Winter
2023-07-07,02:40:00,2023,7,07,40,2,acoustic_diversity,0.746928,mf_beach,pre-dawn,Winter
2023-07-07,02:50:00,2023,7,07,50,2,acoustic_diversity,0.693778,mf_beach,pre-dawn,Winter
2023-07-07,03:00:00,2023,7,07,0,3,acoustic_diversity,0.38946,mf_beach,pre-dawn,Winter
2023-07-07,03:10:00,2023,7,07,10,3,acoustic_diversity,0.63634,mf_beach,pre-dawn,Winter
2023-07-07,03:20:00,2023,7,07,20,3,acoustic_diversity,0.692959,mf_beach,pre-dawn,Winter
2023-07-07,03:30:00,2023,7,07,30,3,acoustic_diversity,0.675437,mf_beach,pre-dawn,Winter
2023-07-07,03:40:00,2023,7,07,40,3,acoustic_diversity,0.691441,mf_beach,pre-dawn,Winter
2023-07-07,03:50:00,2023,7,07,50,3,acoustic_diversity,0.692888,mf_beach,pre-dawn,Winter
2023-07-07,04:00:00,2023,7,07,0,4,acoustic_diversity,0.688124,mf_beach,pre-dawn,Winter
2023-07-07,04:10:00,2023,7,07,10,4,acoustic_diversity,1.179836,mf_beach,pre-dawn,Winter
2023-07-07,04:20:00,2023,7,07,20,4,acoustic_diversity,1.614775,mf_beach,pre-dawn,Winter
2023-07-07,04:30:00,2023,7,07,30,4,acoustic_diversity,0.663375,mf_beach,pre-dawn,Winter
2023-07-07,04:40:00,2023,7,07,40,4,acoustic_diversity,0.475997,mf_beach,pre-dawn,Winter
2023-07-07,04:50:00,2023,7,07,50,4,acoustic_diversity,1.053328,mf_beach,pre-dawn,Winter
2023-07-07,05:00:00,2023,7,07,0,5,acoustic_diversity,0.693269,mf_beach,dawn,Winter
2023-07-07,05:10:00,2023,7,07,10,5,acoustic_diversity,0.912869,mf_beach,dawn,Winter
2023-07-07,05:20:00,2023,7,07,20,5,acoustic_diversity,0.6538,mf_beach,dawn,Winter
2023-07-07,05:30:00,2023,7,07,30,5,acoustic_diversity,0.736422,mf_beach,dawn,Winter
2023-07-07,05:40:00,2023,7,07,40,5,acoustic_diversity,0.653306,mf_beach,dawn,Winter
2023-07-07,05:50:00,2023,7,07,50,5,acoustic_diversity,0.75055,mf_beach,dawn,Winter
2023-07-07,06:00:00,2023,7,07,0,6,acoustic_diversity,0.692983,mf_beach,dawn,Winter
2023-07-07,06:10:00,2023,7,07,10,6,acoustic_diversity,0.653625,mf_beach,dawn,Winter
2023-07-07,06:20:00,2023,7,07,20,6,acoustic_diversity,0.727444,mf_beach,dawn,Winter
2023-07-07,06:30:00,2023,7,07,30,6,acoustic_diversity,1.030174,mf_beach,dawn,Winter
2023-07-07,06:40:00,2023,7,07,40,6,acoustic_diversity,0.119041,mf_beach,dawn,Winter
2023-07-07,06:50:00,2023,7,07,50,6,acoustic_diversity,1.178926,mf_beach,dawn,Winter
2023-07-07,07:00:00,2023,7,07,0,7,acoustic_diversity,0.981829,mf_beach,dawn,Winter
2023-07-07,07:10:00,2023,7,07,10,7,acoustic_diversity,1.560167,mf_beach,dawn,Winter
2023-07-07,07:20:00,2023,7,07,20,7,acoustic_diversity,1.508199,mf_beach,dawn,Winter
2023-07-07,07:30:00,2023,7,07,30,7,acoustic_diversity,0.926538,mf_beach,dawn,Winter
2023-07-07,07:40:00,2023,7,07,40,7,acoustic_diversity,0.911576,mf_beach,dawn,Winter
2023-07-07,07:50:00,2023,7,07,50,7,acoustic_diversity,0.920686,mf_beach,dawn,Winter
2023-07-07,08:00:00,2023,7,07,0,8,acoustic_diversity,1.243769,mf_beach,morning,Winter
2023-07-07,08:10:00,2023,7,07,10,8,acoustic_diversity,0.671266,mf_beach,morning,Winter
2023-07-07,08:20:00,2023,7,07,20,8,acoustic_diversity,1.522459,mf_beach,morning,Winter
2023-07-07,08:30:00,2023,7,07,30,8,acoustic_diversity,1.184129,mf_beach,morning,Winter
2023-07-07,08:40:00,2023,7,07,40,8,acoustic_diversity,1.597662,mf_beach,morning,Winter
2023-07-07,08:50:00,2023,7,07,50,8,acoustic_diversity,1.496986,mf_beach,morning,Winter
2023-07-07,09:00:00,2023,7,07,0,9,acoustic_diversity,1.443722,mf_beach,morning,Winter
2023-07-07,09:10:00,2023,7,07,10,9,acoustic_diversity,1.153162,mf_beach,morning,Winter
2023-07-07,09:20:00,2023,7,07,20,9,acoustic_diversity,1.219436,mf_beach,morning,Winter
2023-07-07,09:30:00,2023,7,07,30,9,acoustic_diversity,1.469831,mf_beach,morning,Winter
2023-07-07,09:40:00,2023,7,07,40,9,acoustic_diversity,1.543543,mf_beach,morning,Winter
2023-07-07,09:50:00,2023,7,07,50,9,acoustic_diversity,1.664336,mf_beach,morning,Winter
2023-07-07,10:00:00,2023,7,07,0,10,acoustic_diversity,1.309711,mf_beach,morning,Winter
2023-07-07,10:10:00,2023,7,07,10,10,acoustic_diversity,1.636344,mf_beach,morning,Winter
2023-07-07,10:20:00,2023,7,07,20,10,acoustic_diversity,1.440573,mf_beach,morning,Winter
2023-07-07,10:30:00,2023,7,07,30,10,acoustic_diversity,1.399444,mf_beach,morning,Winter
2023-07-07,10:40:00,2023,7,07,40,10,acoustic_diversity,1.510116,mf_beach,morning,Winter
2023-07-07,10:50:00,2023,7,07,50,10,acoustic_diversity,0.927864,mf_beach,morning,Winter
2023-07-07,11:00:00,2023,7,07,0,11,acoustic_diversity,0.818006,mf_beach,morning,Winter
2023-07-07,11:10:00,2023,7,07,10,11,acoustic_diversity,1.149797,mf_beach,morning,Winter
2023-07-07,11:20:00,2023,7,07,20,11,acoustic_diversity,1.167199,mf_beach,morning,Winter
2023-07-07,11:30:00,2023,7,07,30,11,acoustic_diversity,0,mf_beach,morning,Winter
2023-07-07,11:40:00,2023,7,07,40,11,acoustic_diversity,1.74892,mf_beach,morning,Winter
2023-07-07,11:50:00,2023,7,07,50,11,acoustic_diversity,0.22119,mf_beach,morning,Winter
2023-07-07,12:00:00,2023,7,07,0,12,acoustic_diversity,1.708839,mf_beach,midday,Winter
2023-07-07,12:10:00,2023,7,07,10,12,acoustic_diversity,0.839723,mf_beach,midday,Winter
2023-07-07,12:20:00,2023,7,07,20,12,acoustic_diversity,1.366343,mf_beach,midday,Winter
2023-07-07,12:30:00,2023,7,07,30,12,acoustic_diversity,1.435148,mf_beach,midday,Winter
2023-07-07,12:40:00,2023,7,07,40,12,acoustic_diversity,0.71921,mf_beach,midday,Winter
2023-07-07,12:50:00,2023,7,07,50,12,acoustic_diversity,1.617813,mf_beach,midday,Winter
2023-07-07,13:00:00,2023,7,07,0,13,acoustic_diversity,1.103763,mf_beach,midday,Winter
2023-07-07,13:10:00,2023,7,07,10,13,acoustic_diversity,1.674619,mf_beach,midday,Winter
2023-07-07,13:20:00,2023,7,07,20,13,acoustic_diversity,1.191104,mf_beach,midday,Winter
2023-07-07,13:30:00,2023,7,07,30,13,acoustic_diversity,0.803586,mf_beach,midday,Winter
2023-07-07,13:40:00,2023,7,07,40,13,acoustic_diversity,1.252874,mf_beach,midday,Winter
2023-07-07,13:50:00,2023,7,07,50,13,acoustic_diversity,0.903808,mf_beach,midday,Winter
2023-07-07,14:00:00,2023,7,07,0,14,acoustic_diversity,1.189801,mf_beach,afternoon,Winter
2023-07-07,14:10:00,2023,7,07,10,14,acoustic_diversity,1.036288,mf_beach,afternoon,Winter
2023-07-07,14:20:00,2023,7,07,20,14,acoustic_diversity,0.790282,mf_beach,afternoon,Winter
2023-07-07,14:30:00,2023,7,07,30,14,acoustic_diversity,1.034045,mf_beach,afternoon,Winter
2023-07-07,14:40:00,2023,7,07,40,14,acoustic_diversity,1.48461,mf_beach,afternoon,Winter
2023-07-07,14:50:00,2023,7,07,50,14,acoustic_diversity,0.165211,mf_beach,afternoon,Winter
2023-07-07,15:00:00,2023,7,07,0,15,acoustic_diversity,1.080003,mf_beach,afternoon,Winter
2023-07-07,15:10:00,2023,7,07,10,15,acoustic_diversity,0,mf_beach,afternoon,Winter
2023-07-07,15:20:00,2023,7,07,20,15,acoustic_diversity,1.488679,mf_beach,afternoon,Winter
2023-07-07,15:30:00,2023,7,07,30,15,acoustic_diversity,1.244283,mf_beach,afternoon,Winter
2023-07-07,15:40:00,2023,7,07,40,15,acoustic_diversity,1.222541,mf_beach,afternoon,Winter
2023-07-07,15:50:00,2023,7,07,50,15,acoustic_diversity,1.100749,mf_beach,afternoon,Winter
2023-07-07,16:00:00,2023,7,07,0,16,acoustic_diversity,1.284262,mf_beach,afternoon,Winter
2023-07-07,16:10:00,2023,7,07,10,16,acoustic_diversity,1.044977,mf_beach,afternoon,Winter
2023-07-07,16:20:00,2023,7,07,20,16,acoustic_diversity,1.27177,mf_beach,afternoon,Winter
2023-07-07,16:30:00,2023,7,07,30,16,acoustic_diversity,1.675402,mf_beach,afternoon,Winter
2023-07-07,16:40:00,2023,7,07,40,16,acoustic_diversity,0.793056,mf_beach,afternoon,Winter
2023-07-07,16:50:00,2023,7,07,50,16,acoustic_diversity,1.258814,mf_beach,afternoon,Winter
2023-07-07,17:00:00,2023,7,07,0,17,acoustic_diversity,1.721356,mf_beach,afternoon,Winter
2023-07-07,17:10:00,2023,7,07,10,17,acoustic_diversity,1.489561,mf_beach,afternoon,Winter
2023-07-07,17:20:00,2023,7,07,20,17,acoustic_diversity,1.492123,mf_beach,afternoon,Winter
2023-07-07,17:30:00,2023,7,07,30,17,acoustic_diversity,0.963832,mf_beach,afternoon,Winter
2023-07-07,17:40:00,2023,7,07,40,17,acoustic_diversity,0.764431,mf_beach,afternoon,Winter
2023-07-07,17:50:00,2023,7,07,50,17,acoustic_diversity,0.724284,mf_beach,afternoon,Winter
2023-07-07,18:00:00,2023,7,07,0,18,acoustic_diversity,0.62184,mf_beach,dusk,Winter
2023-07-07,18:10:00,2023,7,07,10,18,acoustic_diversity,0.227399,mf_beach,dusk,Winter
2023-07-07,18:20:00,2023,7,07,20,18,acoustic_diversity,0.599004,mf_beach,dusk,Winter
2023-07-07,18:30:00,2023,7,07,30,18,acoustic_diversity,0.689122,mf_beach,dusk,Winter
2023-07-07,18:40:00,2023,7,07,40,18,acoustic_diversity,0.71541,mf_beach,dusk,Winter
2023-07-07,18:50:00,2023,7,07,50,18,acoustic_diversity,0.576389,mf_beach,dusk,Winter
2023-07-07,19:00:00,2023,7,07,0,19,acoustic_diversity,0.68615,mf_beach,dusk,Winter
2023-07-07,19:10:00,2023,7,07,10,19,acoustic_diversity,0.264072,mf_beach,dusk,Winter
2023-07-07,19:20:00,2023,7,07,20,19,acoustic_diversity,0,mf_beach,dusk,Winter
2023-07-07,19:30:00,2023,7,07,30,19,acoustic_diversity,0.268568,mf_beach,dusk,Winter
2023-07-07,19:40:00,2023,7,07,40,19,acoustic_diversity,0.553457,mf_beach,dusk,Winter
2023-07-07,19:50:00,2023,7,07,50,19,acoustic_diversity,0.400402,mf_beach,dusk,Winter
2023-07-07,20:00:00,2023,7,07,0,20,acoustic_diversity,0.679902,mf_beach,night,Winter
2023-07-07,20:10:00,2023,7,07,10,20,acoustic_diversity,0,mf_beach,night,Winter
2023-07-07,20:20:00,2023,7,07,20,20,acoustic_diversity,0.845129,mf_beach,night,Winter
2023-07-07,20:30:00,2023,7,07,30,20,acoustic_diversity,0.005706,mf_beach,night,Winter
2023-07-07,20:40:00,2023,7,07,40,20,acoustic_diversity,0.557368,mf_beach,night,Winter
2023-07-07,20:50:00,2023,7,07,50,20,acoustic_diversity,0.550979,mf_beach,night,Winter
2023-07-07,21:00:00,2023,7,07,0,21,acoustic_diversity,0.476707,mf_beach,night,Winter
2023-07-07,21:10:00,2023,7,07,10,21,acoustic_diversity,0.118596,mf_beach,night,Winter
2023-07-07,21:20:00,2023,7,07,20,21,acoustic_diversity,0.781039,mf_beach,night,Winter
2023-07-07,21:30:00,2023,7,07,30,21,acoustic_diversity,0.870357,mf_beach,night,Winter
2023-07-07,21:40:00,2023,7,07,40,21,acoustic_diversity,0.992801,mf_beach,night,Winter
2023-07-07,21:50:00,2023,7,07,50,21,acoustic_diversity,0.642143,mf_beach,night,Winter
2023-07-07,22:00:00,2023,7,07,0,22,acoustic_diversity,0.580471,mf_beach,night,Winter
2023-07-07,22:10:00,2023,7,07,10,22,acoustic_diversity,0.038391,mf_beach,night,Winter
2023-07-07,22:20:00,2023,7,07,20,22,acoustic_diversity,0,mf_beach,night,Winter
2023-07-07,22:30:00,2023,7,07,30,22,acoustic_diversity,0.379296,mf_beach,night,Winter
2023-07-07,22:40:00,2023,7,07,40,22,acoustic_diversity,0.710244,mf_beach,night,Winter
2023-07-07,22:50:00,2023,7,07,50,22,acoustic_diversity,0.993533,mf_beach,night,Winter
2023-07-07,23:00:00,2023,7,07,0,23,acoustic_diversity,0.692153,mf_beach,night,Winter
2023-07-07,23:10:00,2023,7,07,10,23,acoustic_diversity,0.499026,mf_beach,night,Winter
2023-07-07,23:20:00,2023,7,07,20,23,acoustic_diversity,0.877106,mf_beach,night,Winter
2023-07-07,23:30:00,2023,7,07,30,23,acoustic_diversity,0.898296,mf_beach,night,Winter
2023-07-07,23:40:00,2023,7,07,40,23,acoustic_diversity,0,mf_beach,night,Winter
2023-07-07,23:50:00,2023,7,07,50,23,acoustic_diversity,0.859304,mf_beach,night,Winter
2023-07-08,00:00:00,2023,7,08,0,0,acoustic_diversity,0.721768,mf_beach,pre-dawn,Winter
2023-07-08,00:10:00,2023,7,08,10,0,acoustic_diversity,0.81915,mf_beach,pre-dawn,Winter
2023-07-08,00:20:00,2023,7,08,20,0,acoustic_diversity,0.504675,mf_beach,pre-dawn,Winter
2023-07-08,00:30:00,2023,7,08,30,0,acoustic_diversity,0.695475,mf_beach,pre-dawn,Winter
2023-07-08,00:40:00,2023,7,08,40,0,acoustic_diversity,0,mf_beach,pre-dawn,Winter
2023-07-08,00:50:00,2023,7,08,50,0,acoustic_diversity,0,mf_beach,pre-dawn,Winter
2023-07-08,01:00:00,2023,7,08,0,1,acoustic_diversity,0.724938,mf_beach,pre-dawn,Winter
2023-07-08,01:10:00,2023,7,08,10,1,acoustic_diversity,0,mf_beach,pre-dawn,Winter
2023-07-08,01:20:00,2023,7,08,20,1,acoustic_diversity,0.648416,mf_beach,pre-dawn,Winter
2023-07-08,01:30:00,2023,7,08,30,1,acoustic_diversity,0.933657,mf_beach,pre-dawn,Winter
2023-07-08,01:40:00,2023,7,08,40,1,acoustic_diversity,1.098802,mf_beach,pre-dawn,Winter
2023-07-08,01:50:00,2023,7,08,50,1,acoustic_diversity,0,mf_beach,pre-dawn,Winter
2023-07-08,02:00:00,2023,7,08,0,2,acoustic_diversity,1.222517,mf_beach,pre-dawn,Winter
2023-07-08,02:10:00,2023,7,08,10,2,acoustic_diversity,0.991875,mf_beach,pre-dawn,Winter
2023-07-08,02:20:00,2023,7,08,20,2,acoustic_diversity,0.144146,mf_beach,pre-dawn,Winter
2023-07-08,02:30:00,2023,7,08,30,2,acoustic_diversity,0.608691,mf_beach,pre-dawn,Winter
2023-07-08,02:40:00,2023,7,08,40,2,acoustic_diversity,0.801438,mf_beach,pre-dawn,Winter
2023-07-08,02:50:00,2023,7,08,50,2,acoustic_diversity,0.729279,mf_beach,pre-dawn,Winter
2023-07-08,03:00:00,2023,7,08,0,3,acoustic_diversity,0.425825,mf_beach,pre-dawn,Winter
2023-07-08,03:10:00,2023,7,08,10,3,acoustic_diversity,0.249543,mf_beach,pre-dawn,Winter
2023-07-08,03:20:00,2023,7,08,20,3,acoustic_diversity,0.375216,mf_beach,pre-dawn,Winter
2023-07-08,03:30:00,2023,7,08,30,3,acoustic_diversity,0.585275,mf_beach,pre-dawn,Winter
2023-07-08,03:40:00,2023,7,08,40,3,acoustic_diversity,0.019377,mf_beach,pre-dawn,Winter
2023-07-08,03:50:00,2023,7,08,50,3,acoustic_diversity,0.435844,mf_beach,pre-dawn,Winter
2023-07-08,04:00:00,2023,7,08,0,4,acoustic_diversity,0,mf_beach,pre-dawn,Winter
2023-07-08,04:10:00,2023,7,08,10,4,acoustic_diversity,0.69306,mf_beach,pre-dawn,Winter
2023-07-08,04:20:00,2023,7,08,20,4,acoustic_diversity,0.014429,mf_beach,pre-dawn,Winter
2023-07-08,04:30:00,2023,7,08,30,4,acoustic_diversity,0.09505,mf_beach,pre-dawn,Winter
2023-07-08,04:40:00,2023,7,08,40,4,acoustic_diversity,0,mf_beach,pre-dawn,Winter
2023-07-08,04:50:00,2023,7,08,50,4,acoustic_diversity,0.023455,mf_beach,pre-dawn,Winter
2023-07-08,05:00:00,2023,7,08,0,5,acoustic_diversity,0,mf_beach,dawn,Winter
2023-07-08,05:10:00,2023,7,08,10,5,acoustic_diversity,0,mf_beach,dawn,Winter
2023-07-08,05:20:00,2023,7,08,20,5,acoustic_diversity,0.407705,mf_beach,dawn,Winter
2023-07-08,05:30:00,2023,7,08,30,5,acoustic_diversity,0.069622,mf_beach,dawn,Winter
2023-07-08,05:40:00,2023,7,08,40,5,acoustic_diversity,0.769325,mf_beach,dawn,Winter
2023-07-08,05:50:00,2023,7,08,50,5,acoustic_diversity,0,mf_beach,dawn,Winter
2023-07-08,06:00:00,2023,7,08,0,6,acoustic_diversity,0.377854,mf_beach,dawn,Winter
2023-07-08,06:10:00,2023,7,08,10,6,acoustic_diversity,0.890679,mf_beach,dawn,Winter
2023-07-08,06:20:00,2023,7,08,20,6,acoustic_diversity,0,mf_beach,dawn,Winter
2023-07-08,06:30:00,2023,7,08,30,6,acoustic_diversity,0.059889,mf_beach,dawn,Winter
2023-07-08,06:40:00,2023,7,08,40,6,acoustic_diversity,0,mf_beach,dawn,Winter
2023-07-08,06:50:00,2023,7,08,50,6,acoustic_diversity,0.018762,mf_beach,dawn,Winter
2023-07-08,07:00:00,2023,7,08,0,7,acoustic_diversity,1.651101,mf_beach,dawn,Winter
2023-07-08,07:10:00,2023,7,08,10,7,acoustic_diversity,0.135247,mf_beach,dawn,Winter
2023-07-08,07:20:00,2023,7,08,20,7,acoustic_diversity,1.462026,mf_beach,dawn,Winter
2023-07-08,07:30:00,2023,7,08,30,7,acoustic_diversity,0.998735,mf_beach,dawn,Winter
2023-07-08,07:40:00,2023,7,08,40,7,acoustic_diversity,1.031033,mf_beach,dawn,Winter
2023-07-08,07:50:00,2023,7,08,50,7,acoustic_diversity,0.983285,mf_beach,dawn,Winter
2023-07-08,08:00:00,2023,7,08,0,8,acoustic_diversity,1.017806,mf_beach,morning,Winter
2023-07-08,08:10:00,2023,7,08,10,8,acoustic_diversity,1.033356,mf_beach,morning,Winter
2023-07-08,08:20:00,2023,7,08,20,8,acoustic_diversity,1.196314,mf_beach,morning,Winter
2023-07-08,08:30:00,2023,7,08,30,8,acoustic_diversity,1.333309,mf_beach,morning,Winter
2023-07-08,08:40:00,2023,7,08,40,8,acoustic_diversity,1.449838,mf_beach,morning,Winter
2023-07-08,08:50:00,2023,7,08,50,8,acoustic_diversity,1.280233,mf_beach,morning,Winter
2023-07-08,09:00:00,2023,7,08,0,9,acoustic_diversity,1.311243,mf_beach,morning,Winter
2023-07-08,09:10:00,2023,7,08,10,9,acoustic_diversity,1.019019,mf_beach,morning,Winter
2023-07-08,09:20:00,2023,7,08,20,9,acoustic_diversity,1.204535,mf_beach,morning,Winter
2023-07-08,09:30:00,2023,7,08,30,9,acoustic_diversity,1.105708,mf_beach,morning,Winter
2023-07-08,09:40:00,2023,7,08,40,9,acoustic_diversity,0.872116,mf_beach,morning,Winter
2023-07-08,09:50:00,2023,7,08,50,9,acoustic_diversity,0.890946,mf_beach,morning,Winter
2023-07-08,10:00:00,2023,7,08,0,10,acoustic_diversity,0.864363,mf_beach,morning,Winter
